id,date,user,pc,activity
L100001,08/03/2026 16:21:00,EMP101,PC-1001,Logon
L100002,08/04/2026 00:27:00,EMP101,PC-1001,Logoff
L100003,08/03/2026 17:34:00,AAF0535,PC-2408,Logon
L100004,08/04/2026 01:41:00,AAF0535,PC-2408,Logoff
L100005,08/03/2026 16:42:00,AAM0658,PC-9923,Logon
L100006,08/04/2026 00:56:00,AAM0658,PC-9923,Logoff
L100007,08/03/2026 17:13:00,BBS0039,PC-9436,Logon
L100008,08/04/2026 01:55:00,BBS0039,PC-9436,Logoff
L100009,08/03/2026 16:29:00,EMP102,PC-3012,Logon
L100010,08/04/2026 00:53:00,EMP102,PC-3012,Logoff
L100011,08/03/2026 17:25:00,EMP103,PC-4105,Logon
L100012,08/04/2026 01:42:00,EMP103,PC-4105,Logoff
L100013,08/03/2026 16:16:00,EMP104,PC-1102,Logon
L100014,08/04/2026 00:24:00,EMP104,PC-1102,Logoff
L100015,08/03/2026 17:14:00,EMP105,PC-5001,Logon
L100016,08/04/2026 01:22:00,EMP105,PC-5001,Logoff
L100017,08/03/2026 17:38:00,EMP106,PC-1088,Logon
L100018,08/04/2026 02:07:00,EMP106,PC-1088,Logoff
L100019,08/03/2026 17:10:00,EMP107,PC-6110,Logon
L100020,08/04/2026 01:39:00,EMP107,PC-6110,Logoff
L100021,08/03/2026 17:40:00,EMP108,PC-1044,Logon
L100022,08/04/2026 02:12:00,EMP108,PC-1044,Logoff
L100023,08/03/2026 17:19:00,EMP109,PC-7020,Logon
L100024,08/04/2026 01:34:00,EMP109,PC-7020,Logoff
L100025,08/03/2026 16:08:00,EMP110,PC-8005,Logon
L100026,08/04/2026 00:50:00,EMP110,PC-8005,Logoff
L100027,08/03/2026 17:25:00,EMP111,PC-3099,Logon
L100028,08/04/2026 02:07:00,EMP111,PC-3099,Logoff
L100029,08/03/2026 16:37:00,EMP112,PC-2490,Logon
L100030,08/04/2026 00:51:00,EMP112,PC-2490,Logoff
L100031,08/03/2026 17:04:00,EMP113,PC-7045,Logon
L100032,08/04/2026 01:36:00,EMP113,PC-7045,Logoff
L100033,08/03/2026 16:30:00,EMP114,PC-1250,Logon
L100034,08/04/2026 01:21:00,EMP114,PC-1250,Logoff
L100035,08/03/2026 16:03:00,EMP115,PC-6125,Logon
L100036,08/04/2026 00:28:00,EMP115,PC-6125,Logoff
L100037,08/03/2026 16:04:00,EMP116,PC-1300,Logon
L100038,08/04/2026 00:32:00,EMP116,PC-1300,Logoff
L100039,08/03/2026 16:25:00,EMP117,PC-9910,Logon
L100040,08/04/2026 01:22:00,EMP117,PC-9910,Logoff
L100041,08/03/2026 17:09:00,EMP118,PC-5022,Logon
L100042,08/04/2026 01:21:00,EMP118,PC-5022,Logoff
L100043,08/03/2026 16:03:00,EMP119,PC-3150,Logon
L100044,08/04/2026 00:35:00,EMP119,PC-3150,Logoff
L100045,08/03/2026 16:39:00,EMP120,PC-4120,Logon
L100046,08/04/2026 00:44:00,EMP120,PC-4120,Logoff
L100047,08/03/2026 17:08:00,EMP121,PC-8050,Logon
L100048,08/04/2026 01:50:00,EMP121,PC-8050,Logoff
L100049,08/03/2026 17:08:00,EMP122,PC-6150,Logon
L100050,08/04/2026 02:07:00,EMP122,PC-6150,Logoff
L100051,08/03/2026 16:42:00,EMP123,PC-4190,Logon
L100052,08/04/2026 01:34:00,EMP123,PC-4190,Logoff
L100053,08/03/2026 16:45:00,EMP124,PC-9001,Logon
L100054,08/04/2026 01:06:00,EMP124,PC-9001,Logoff
L100055,08/03/2026 16:40:00,EMP125,PC-9402,Logon
L100056,08/04/2026 01:07:00,EMP125,PC-9402,Logoff
L100057,08/03/2026 16:07:00,EMP126,PC-9945,Logon
L100058,08/04/2026 00:11:00,EMP126,PC-9945,Logoff
L100059,08/03/2026 16:22:00,EMP127,PC-1070,Logon
L100060,08/04/2026 00:35:00,EMP127,PC-1070,Logoff
L100061,08/04/2026 16:26:00,EMP101,PC-1001,Logon
L100062,08/05/2026 00:27:00,EMP101,PC-1001,Logoff
L100063,08/04/2026 17:02:00,AAF0535,PC-2408,Logon
L100064,08/05/2026 01:56:00,AAF0535,PC-2408,Logoff
L100065,08/04/2026 17:21:00,AAM0658,PC-9923,Logon
L100066,08/05/2026 01:38:00,AAM0658,PC-9923,Logoff
L100067,08/04/2026 16:16:00,BBS0039,PC-9436,Logon
L100068,08/05/2026 00:27:00,BBS0039,PC-9436,Logoff
L100069,08/04/2026 17:36:00,EMP102,PC-3012,Logon
L100070,08/05/2026 01:48:00,EMP102,PC-3012,Logoff
L100071,08/04/2026 17:39:00,EMP103,PC-4105,Logon
L100072,08/05/2026 01:59:00,EMP103,PC-4105,Logoff
L100073,08/04/2026 16:26:00,EMP104,PC-1102,Logon
L100074,08/05/2026 01:08:00,EMP104,PC-1102,Logoff
L100075,08/04/2026 17:18:00,EMP105,PC-5001,Logon
L100076,08/05/2026 01:31:00,EMP105,PC-5001,Logoff
L100077,08/04/2026 16:42:00,EMP106,PC-1088,Logon
L100078,08/05/2026 00:47:00,EMP106,PC-1088,Logoff
L100079,08/04/2026 16:01:00,EMP107,PC-6110,Logon
L100080,08/05/2026 00:03:00,EMP107,PC-6110,Logoff
L100081,08/04/2026 17:25:00,EMP108,PC-1044,Logon
L100082,08/05/2026 01:40:00,EMP108,PC-1044,Logoff
L100083,08/04/2026 17:03:00,EMP109,PC-7020,Logon
L100084,08/05/2026 01:38:00,EMP109,PC-7020,Logoff
L100085,08/04/2026 17:39:00,EMP110,PC-8005,Logon
L100086,08/05/2026 02:31:00,EMP110,PC-8005,Logoff
L100087,08/04/2026 17:40:00,EMP111,PC-3099,Logon
L100088,08/05/2026 01:55:00,EMP111,PC-3099,Logoff
L100089,08/04/2026 16:08:00,EMP112,PC-2490,Logon
L100090,08/05/2026 00:17:00,EMP112,PC-2490,Logoff
L100091,08/04/2026 17:34:00,EMP113,PC-7045,Logon
L100092,08/05/2026 02:03:00,EMP113,PC-7045,Logoff
L100093,08/04/2026 16:22:00,EMP114,PC-1250,Logon
L100094,08/05/2026 00:41:00,EMP114,PC-1250,Logoff
L100095,08/04/2026 17:31:00,EMP115,PC-6125,Logon
L100096,08/05/2026 01:32:00,EMP115,PC-6125,Logoff
L100097,08/04/2026 16:25:00,EMP116,PC-1300,Logon
L100098,08/05/2026 01:02:00,EMP116,PC-1300,Logoff
L100099,08/04/2026 16:29:00,EMP117,PC-9910,Logon
L100100,08/05/2026 00:49:00,EMP117,PC-9910,Logoff
L100101,08/04/2026 16:22:00,EMP118,PC-5022,Logon
L100102,08/05/2026 00:36:00,EMP118,PC-5022,Logoff
L100103,08/04/2026 16:36:00,EMP119,PC-3150,Logon
L100104,08/05/2026 01:36:00,EMP119,PC-3150,Logoff
L100105,08/04/2026 16:19:00,EMP120,PC-4120,Logon
L100106,08/05/2026 00:25:00,EMP120,PC-4120,Logoff
L100107,08/04/2026 16:44:00,EMP121,PC-8050,Logon
L100108,08/05/2026 01:33:00,EMP121,PC-8050,Logoff
L100109,08/04/2026 16:32:00,EMP122,PC-6150,Logon
L100110,08/05/2026 01:13:00,EMP122,PC-6150,Logoff
L100111,08/04/2026 17:11:00,EMP123,PC-4190,Logon
L100112,08/05/2026 01:57:00,EMP123,PC-4190,Logoff
L100113,08/04/2026 16:17:00,EMP124,PC-9001,Logon
L100114,08/05/2026 01:13:00,EMP124,PC-9001,Logoff
L100115,08/04/2026 16:31:00,EMP125,PC-9402,Logon
L100116,08/05/2026 00:44:00,EMP125,PC-9402,Logoff
L100117,08/04/2026 16:15:00,EMP126,PC-9945,Logon
L100118,08/05/2026 01:01:00,EMP126,PC-9945,Logoff
L100119,08/04/2026 16:18:00,EMP127,PC-1070,Logon
L100120,08/05/2026 00:32:00,EMP127,PC-1070,Logoff
L100121,08/05/2026 17:35:00,EMP101,PC-1001,Logon
L100122,08/06/2026 01:56:00,EMP101,PC-1001,Logoff
L100123,08/05/2026 16:12:00,AAF0535,PC-2408,Logon
L100124,08/06/2026 00:25:00,AAF0535,PC-2408,Logoff
L100125,08/05/2026 17:11:00,AAM0658,PC-9923,Logon
L100126,08/06/2026 01:30:00,AAM0658,PC-9923,Logoff
L100127,08/05/2026 16:40:00,BBS0039,PC-9436,Logon
L100128,08/06/2026 01:35:00,BBS0039,PC-9436,Logoff
L100129,08/05/2026 17:30:00,EMP102,PC-3012,Logon
L100130,08/06/2026 01:37:00,EMP102,PC-3012,Logoff
L100131,08/05/2026 17:05:00,EMP103,PC-4105,Logon
L100132,08/06/2026 01:20:00,EMP103,PC-4105,Logoff
L100133,08/05/2026 17:28:00,EMP104,PC-1102,Logon
L100134,08/06/2026 02:26:00,EMP104,PC-1102,Logoff
L100135,08/05/2026 16:40:00,EMP105,PC-5001,Logon
L100136,08/06/2026 00:53:00,EMP105,PC-5001,Logoff
L100137,08/05/2026 17:44:00,EMP106,PC-1088,Logon
L100138,08/06/2026 02:22:00,EMP106,PC-1088,Logoff
L100139,08/05/2026 17:40:00,EMP107,PC-6110,Logon
L100140,08/06/2026 02:17:00,EMP107,PC-6110,Logoff
L100141,08/05/2026 17:38:00,EMP108,PC-1044,Logon
L100142,08/06/2026 02:25:00,EMP108,PC-1044,Logoff
L100143,08/05/2026 17:05:00,EMP109,PC-7020,Logon
L100144,08/06/2026 01:43:00,EMP109,PC-7020,Logoff
L100145,08/05/2026 16:43:00,EMP110,PC-8005,Logon
L100146,08/06/2026 01:35:00,EMP110,PC-8005,Logoff
L100147,08/05/2026 16:37:00,EMP111,PC-3099,Logon
L100148,08/06/2026 01:04:00,EMP111,PC-3099,Logoff
L100149,08/05/2026 17:18:00,EMP112,PC-2490,Logon
L100150,08/06/2026 02:00:00,EMP112,PC-2490,Logoff
L100151,08/05/2026 16:42:00,EMP113,PC-7045,Logon
L100152,08/06/2026 01:37:00,EMP113,PC-7045,Logoff
L100153,08/05/2026 16:17:00,EMP114,PC-1250,Logon
L100154,08/06/2026 00:52:00,EMP114,PC-1250,Logoff
L100155,08/05/2026 16:19:00,EMP115,PC-6125,Logon
L100156,08/06/2026 00:54:00,EMP115,PC-6125,Logoff
L100157,08/05/2026 17:45:00,EMP116,PC-1300,Logon
L100158,08/06/2026 02:03:00,EMP116,PC-1300,Logoff
L100159,08/05/2026 16:04:00,EMP117,PC-9910,Logon
L100160,08/06/2026 00:21:00,EMP117,PC-9910,Logoff
L100161,08/05/2026 16:28:00,EMP118,PC-5022,Logon
L100162,08/06/2026 01:02:00,EMP118,PC-5022,Logoff
L100163,08/05/2026 17:14:00,EMP119,PC-3150,Logon
L100164,08/06/2026 02:08:00,EMP119,PC-3150,Logoff
L100165,08/05/2026 16:32:00,EMP120,PC-4120,Logon
L100166,08/06/2026 01:09:00,EMP120,PC-4120,Logoff
L100167,08/05/2026 16:30:00,EMP121,PC-8050,Logon
L100168,08/06/2026 01:20:00,EMP121,PC-8050,Logoff
L100169,08/05/2026 17:34:00,EMP122,PC-6150,Logon
L100170,08/06/2026 01:36:00,EMP122,PC-6150,Logoff
L100171,08/05/2026 17:10:00,EMP123,PC-4190,Logon
L100172,08/06/2026 01:54:00,EMP123,PC-4190,Logoff
L100173,08/05/2026 17:36:00,EMP124,PC-9001,Logon
L100174,08/06/2026 02:19:00,EMP124,PC-9001,Logoff
L100175,08/05/2026 17:37:00,EMP125,PC-9402,Logon
L100176,08/06/2026 01:46:00,EMP125,PC-9402,Logoff
L100177,08/05/2026 17:43:00,EMP126,PC-9945,Logon
L100178,08/06/2026 02:17:00,EMP126,PC-9945,Logoff
L100179,08/05/2026 17:19:00,EMP127,PC-1070,Logon
L100180,08/06/2026 01:31:00,EMP127,PC-1070,Logoff
L100181,08/06/2026 16:42:00,EMP101,PC-1001,Logon
L100182,08/07/2026 01:07:00,EMP101,PC-1001,Logoff
L100183,08/06/2026 17:14:00,AAF0535,PC-2408,Logon
L100184,08/07/2026 01:54:00,AAF0535,PC-2408,Logoff
L100185,08/06/2026 16:19:00,AAM0658,PC-9923,Logon
L100186,08/07/2026 01:09:00,AAM0658,PC-9923,Logoff
L100187,08/06/2026 16:12:00,BBS0039,PC-9436,Logon
L100188,08/07/2026 00:20:00,BBS0039,PC-9436,Logoff
L100189,08/06/2026 16:14:00,EMP102,PC-3012,Logon
L100190,08/07/2026 01:09:00,EMP102,PC-3012,Logoff
L100191,08/06/2026 17:43:00,EMP103,PC-4105,Logon
L100192,08/07/2026 02:30:00,EMP103,PC-4105,Logoff
L100193,08/06/2026 16:41:00,EMP104,PC-1102,Logon
L100194,08/07/2026 00:45:00,EMP104,PC-1102,Logoff
L100195,08/06/2026 16:15:00,EMP105,PC-5001,Logon
L100196,08/07/2026 01:11:00,EMP105,PC-5001,Logoff
L100197,08/06/2026 17:41:00,EMP106,PC-1088,Logon
L100198,08/07/2026 01:47:00,EMP106,PC-1088,Logoff
L100199,08/06/2026 17:06:00,EMP107,PC-6110,Logon
L100200,08/07/2026 01:49:00,EMP107,PC-6110,Logoff
L100201,08/06/2026 16:42:00,EMP108,PC-1044,Logon
L100202,08/07/2026 00:55:00,EMP108,PC-1044,Logoff
L100203,08/06/2026 16:37:00,EMP109,PC-7020,Logon
L100204,08/07/2026 00:50:00,EMP109,PC-7020,Logoff
L100205,08/06/2026 17:11:00,EMP110,PC-8005,Logon
L100206,08/07/2026 01:18:00,EMP110,PC-8005,Logoff
L100207,08/06/2026 17:33:00,EMP111,PC-3099,Logon
L100208,08/07/2026 01:40:00,EMP111,PC-3099,Logoff
L100209,08/06/2026 17:29:00,EMP112,PC-2490,Logon
L100210,08/07/2026 02:10:00,EMP112,PC-2490,Logoff
L100211,08/06/2026 16:05:00,EMP113,PC-7045,Logon
L100212,08/07/2026 00:25:00,EMP113,PC-7045,Logoff
L100213,08/06/2026 17:29:00,EMP114,PC-1250,Logon
L100214,08/07/2026 02:01:00,EMP114,PC-1250,Logoff
L100215,08/06/2026 17:21:00,EMP115,PC-6125,Logon
L100216,08/07/2026 02:13:00,EMP115,PC-6125,Logoff
L100217,08/06/2026 17:04:00,EMP116,PC-1300,Logon
L100218,08/07/2026 01:09:00,EMP116,PC-1300,Logoff
L100219,08/06/2026 17:42:00,EMP117,PC-9910,Logon
L100220,08/07/2026 01:49:00,EMP117,PC-9910,Logoff
L100221,08/06/2026 16:36:00,EMP118,PC-5022,Logon
L100222,08/07/2026 01:08:00,EMP118,PC-5022,Logoff
L100223,08/06/2026 17:07:00,EMP119,PC-3150,Logon
L100224,08/07/2026 01:55:00,EMP119,PC-3150,Logoff
L100225,08/06/2026 16:11:00,EMP120,PC-4120,Logon
L100226,08/07/2026 00:28:00,EMP120,PC-4120,Logoff
L100227,08/06/2026 16:05:00,EMP121,PC-8050,Logon
L100228,08/07/2026 00:52:00,EMP121,PC-8050,Logoff
L100229,08/06/2026 16:09:00,EMP122,PC-6150,Logon
L100230,08/07/2026 00:19:00,EMP122,PC-6150,Logoff
L100231,08/06/2026 16:32:00,EMP123,PC-4190,Logon
L100232,08/07/2026 00:39:00,EMP123,PC-4190,Logoff
L100233,08/06/2026 16:14:00,EMP124,PC-9001,Logon
L100234,08/07/2026 00:39:00,EMP124,PC-9001,Logoff
L100235,08/06/2026 17:11:00,EMP125,PC-9402,Logon
L100236,08/07/2026 01:19:00,EMP125,PC-9402,Logoff
L100237,08/06/2026 17:01:00,EMP126,PC-9945,Logon
L100238,08/07/2026 01:30:00,EMP126,PC-9945,Logoff
L100239,08/06/2026 17:01:00,EMP127,PC-1070,Logon
L100240,08/07/2026 01:21:00,EMP127,PC-1070,Logoff
L100241,08/07/2026 16:27:00,EMP101,PC-1001,Logon
L100242,08/08/2026 01:04:00,EMP101,PC-1001,Logoff
L100243,08/07/2026 16:32:00,AAF0535,PC-2408,Logon
L100244,08/08/2026 01:12:00,AAF0535,PC-2408,Logoff
L100245,08/07/2026 16:16:00,AAM0658,PC-9923,Logon
L100246,08/08/2026 00:28:00,AAM0658,PC-9923,Logoff
L100247,08/07/2026 17:36:00,BBS0039,PC-9436,Logon
L100248,08/08/2026 02:24:00,BBS0039,PC-9436,Logoff
L100249,08/07/2026 17:28:00,EMP102,PC-3012,Logon
L100250,08/08/2026 02:08:00,EMP102,PC-3012,Logoff
L100251,08/07/2026 16:23:00,EMP103,PC-4105,Logon
L100252,08/08/2026 01:16:00,EMP103,PC-4105,Logoff
L100253,08/07/2026 16:28:00,EMP104,PC-1102,Logon
L100254,08/08/2026 01:26:00,EMP104,PC-1102,Logoff
L100255,08/07/2026 16:32:00,EMP105,PC-5001,Logon
L100256,08/08/2026 01:13:00,EMP105,PC-5001,Logoff
L100257,08/07/2026 17:23:00,EMP106,PC-1088,Logon
L100258,08/08/2026 02:21:00,EMP106,PC-1088,Logoff
L100259,08/07/2026 16:35:00,EMP107,PC-6110,Logon
L100260,08/08/2026 01:18:00,EMP107,PC-6110,Logoff
L100261,08/07/2026 17:19:00,EMP108,PC-1044,Logon
L100262,08/08/2026 02:00:00,EMP108,PC-1044,Logoff
L100263,08/07/2026 16:41:00,EMP109,PC-7020,Logon
L100264,08/08/2026 01:23:00,EMP109,PC-7020,Logoff
L100265,08/07/2026 16:14:00,EMP110,PC-8005,Logon
L100266,08/08/2026 00:22:00,EMP110,PC-8005,Logoff
L100267,08/07/2026 16:38:00,EMP111,PC-3099,Logon
L100268,08/08/2026 01:02:00,EMP111,PC-3099,Logoff
L100269,08/07/2026 17:43:00,EMP112,PC-2490,Logon
L100270,08/08/2026 02:29:00,EMP112,PC-2490,Logoff
L100271,08/07/2026 17:30:00,EMP113,PC-7045,Logon
L100272,08/08/2026 02:27:00,EMP113,PC-7045,Logoff
L100273,08/07/2026 17:10:00,EMP114,PC-1250,Logon
L100274,08/08/2026 02:02:00,EMP114,PC-1250,Logoff
L100275,08/07/2026 16:45:00,EMP115,PC-6125,Logon
L100276,08/08/2026 01:39:00,EMP115,PC-6125,Logoff
L100277,08/07/2026 17:22:00,EMP116,PC-1300,Logon
L100278,08/08/2026 02:21:00,EMP116,PC-1300,Logoff
L100279,08/07/2026 17:14:00,EMP117,PC-9910,Logon
L100280,08/08/2026 01:15:00,EMP117,PC-9910,Logoff
L100281,08/07/2026 16:45:00,EMP118,PC-5022,Logon
L100282,08/08/2026 01:15:00,EMP118,PC-5022,Logoff
L100283,08/07/2026 17:07:00,EMP119,PC-3150,Logon
L100284,08/08/2026 01:56:00,EMP119,PC-3150,Logoff
L100285,08/07/2026 16:31:00,EMP120,PC-4120,Logon
L100286,08/08/2026 01:09:00,EMP120,PC-4120,Logoff
L100287,08/07/2026 16:36:00,EMP121,PC-8050,Logon
L100288,08/08/2026 01:02:00,EMP121,PC-8050,Logoff
L100289,08/07/2026 16:24:00,EMP122,PC-6150,Logon
L100290,08/08/2026 01:19:00,EMP122,PC-6150,Logoff
L100291,08/07/2026 17:15:00,EMP123,PC-4190,Logon
L100292,08/08/2026 02:01:00,EMP123,PC-4190,Logoff
L100293,08/07/2026 17:44:00,EMP124,PC-9001,Logon
L100294,08/08/2026 02:14:00,EMP124,PC-9001,Logoff
L100295,08/07/2026 17:19:00,EMP125,PC-9402,Logon
L100296,08/08/2026 01:51:00,EMP125,PC-9402,Logoff
L100297,08/07/2026 17:17:00,EMP126,PC-9945,Logon
L100298,08/08/2026 01:24:00,EMP126,PC-9945,Logoff
L100299,08/07/2026 17:33:00,EMP127,PC-1070,Logon
L100300,08/08/2026 01:50:00,EMP127,PC-1070,Logoff
L100301,08/08/2026 22:21:00,AAF0535,PC-2408,Logon
L100302,08/08/2026 22:59:00,AAF0535,PC-2408,Logoff
L100303,08/08/2026 22:27:00,EMP105,PC-5001,Logon
L100304,08/08/2026 23:09:00,EMP105,PC-5001,Logoff
L100305,08/08/2026 22:21:00,EMP110,PC-8005,Logon
L100306,08/08/2026 23:21:00,EMP110,PC-8005,Logoff
L100307,08/08/2026 22:27:00,EMP115,PC-6125,Logon
L100308,08/08/2026 23:25:00,EMP115,PC-6125,Logoff
L100309,08/08/2026 22:04:00,EMP123,PC-4190,Logon
L100310,08/08/2026 22:52:00,EMP123,PC-4190,Logoff
L100311,08/09/2026 22:21:00,EMP119,PC-3150,Logon
L100312,08/09/2026 23:01:00,EMP119,PC-3150,Logoff
L100313,08/10/2026 16:23:00,EMP101,PC-1001,Logon
L100314,08/11/2026 00:55:00,EMP101,PC-1001,Logoff
L100315,08/10/2026 17:29:00,AAF0535,PC-2408,Logon
L100316,08/11/2026 02:20:00,AAF0535,PC-2408,Logoff
L100317,08/10/2026 16:08:00,AAM0658,PC-9923,Logon
L100318,08/11/2026 00:28:00,AAM0658,PC-9923,Logoff
L100319,08/10/2026 17:32:00,BBS0039,PC-9436,Logon
L100320,08/11/2026 02:30:00,BBS0039,PC-9436,Logoff
L100321,08/10/2026 17:33:00,EMP102,PC-3012,Logon
L100322,08/11/2026 02:30:00,EMP102,PC-3012,Logoff
L100323,08/10/2026 16:32:00,EMP103,PC-4105,Logon
L100324,08/11/2026 01:13:00,EMP103,PC-4105,Logoff
L100325,08/10/2026 16:01:00,EMP104,PC-1102,Logon
L100326,08/11/2026 00:06:00,EMP104,PC-1102,Logoff
L100327,08/10/2026 17:40:00,EMP105,PC-5001,Logon
L100328,08/11/2026 02:14:00,EMP105,PC-5001,Logoff
L100329,08/10/2026 16:28:00,EMP106,PC-1088,Logon
L100330,08/11/2026 00:54:00,EMP106,PC-1088,Logoff
L100331,08/10/2026 17:32:00,EMP107,PC-6110,Logon
L100332,08/11/2026 02:07:00,EMP107,PC-6110,Logoff
L100333,08/10/2026 16:03:00,EMP108,PC-1044,Logon
L100334,08/11/2026 00:21:00,EMP108,PC-1044,Logoff
L100335,08/10/2026 17:32:00,EMP109,PC-7020,Logon
L100336,08/11/2026 02:01:00,EMP109,PC-7020,Logoff
L100337,08/10/2026 16:03:00,EMP110,PC-8005,Logon
L100338,08/11/2026 00:21:00,EMP110,PC-8005,Logoff
L100339,08/10/2026 17:23:00,EMP111,PC-3099,Logon
L100340,08/11/2026 02:11:00,EMP111,PC-3099,Logoff
L100341,08/10/2026 16:24:00,EMP112,PC-2490,Logon
L100342,08/11/2026 00:56:00,EMP112,PC-2490,Logoff
L100343,08/10/2026 17:35:00,EMP113,PC-7045,Logon
L100344,08/11/2026 02:35:00,EMP113,PC-7045,Logoff
L100345,08/10/2026 16:45:00,EMP114,PC-1250,Logon
L100346,08/11/2026 01:06:00,EMP114,PC-1250,Logoff
L100347,08/10/2026 17:39:00,EMP115,PC-6125,Logon
L100348,08/11/2026 02:26:00,EMP115,PC-6125,Logoff
L100349,08/10/2026 17:21:00,EMP116,PC-1300,Logon
L100350,08/11/2026 02:04:00,EMP116,PC-1300,Logoff
L100351,08/10/2026 17:41:00,EMP117,PC-9910,Logon
L100352,08/11/2026 02:31:00,EMP117,PC-9910,Logoff
L100353,08/10/2026 16:43:00,EMP118,PC-5022,Logon
L100354,08/11/2026 00:58:00,EMP118,PC-5022,Logoff
L100355,08/10/2026 16:26:00,EMP119,PC-3150,Logon
L100356,08/11/2026 01:10:00,EMP119,PC-3150,Logoff
L100357,08/10/2026 17:42:00,EMP120,PC-4120,Logon
L100358,08/11/2026 02:12:00,EMP120,PC-4120,Logoff
L100359,08/10/2026 16:15:00,EMP121,PC-8050,Logon
L100360,08/11/2026 00:32:00,EMP121,PC-8050,Logoff
L100361,08/10/2026 17:18:00,EMP122,PC-6150,Logon
L100362,08/11/2026 01:25:00,EMP122,PC-6150,Logoff
L100363,08/10/2026 17:30:00,EMP123,PC-4190,Logon
L100364,08/11/2026 01:43:00,EMP123,PC-4190,Logoff
L100365,08/10/2026 16:03:00,EMP124,PC-9001,Logon
L100366,08/11/2026 00:45:00,EMP124,PC-9001,Logoff
L100367,08/10/2026 16:35:00,EMP125,PC-9402,Logon
L100368,08/11/2026 01:34:00,EMP125,PC-9402,Logoff
L100369,08/10/2026 17:18:00,EMP126,PC-9945,Logon
L100370,08/11/2026 01:59:00,EMP126,PC-9945,Logoff
L100371,08/10/2026 17:11:00,EMP127,PC-1070,Logon
L100372,08/11/2026 02:10:00,EMP127,PC-1070,Logoff
L100373,08/11/2026 16:21:00,EMP101,PC-1001,Logon
L100374,08/12/2026 00:39:00,EMP101,PC-1001,Logoff
L100375,08/11/2026 17:10:00,AAF0535,PC-2408,Logon
L100376,08/12/2026 01:56:00,AAF0535,PC-2408,Logoff
L100377,08/11/2026 16:39:00,AAM0658,PC-9923,Logon
L100378,08/12/2026 01:33:00,AAM0658,PC-9923,Logoff
L100379,08/11/2026 16:00:00,BBS0039,PC-9436,Logon
L100380,08/12/2026 00:16:00,BBS0039,PC-9436,Logoff
L100381,08/11/2026 17:44:00,EMP102,PC-3012,Logon
L100382,08/12/2026 01:59:00,EMP102,PC-3012,Logoff
L100383,08/11/2026 17:44:00,EMP103,PC-4105,Logon
L100384,08/12/2026 01:51:00,EMP103,PC-4105,Logoff
L100385,08/11/2026 17:34:00,EMP104,PC-1102,Logon
L100386,08/12/2026 02:25:00,EMP104,PC-1102,Logoff
L100387,08/11/2026 16:35:00,EMP105,PC-5001,Logon
L100388,08/12/2026 01:32:00,EMP105,PC-5001,Logoff
L100389,08/11/2026 16:32:00,EMP106,PC-1088,Logon
L100390,08/12/2026 01:00:00,EMP106,PC-1088,Logoff
L100391,08/11/2026 17:01:00,EMP107,PC-6110,Logon
L100392,08/12/2026 01:26:00,EMP107,PC-6110,Logoff
L100393,08/11/2026 16:04:00,EMP108,PC-1044,Logon
L100394,08/12/2026 01:03:00,EMP108,PC-1044,Logoff
L100395,08/11/2026 17:24:00,EMP109,PC-7020,Logon
L100396,08/12/2026 01:48:00,EMP109,PC-7020,Logoff
L100397,08/11/2026 17:33:00,EMP110,PC-8005,Logon
L100398,08/12/2026 01:41:00,EMP110,PC-8005,Logoff
L100399,08/11/2026 16:15:00,EMP111,PC-3099,Logon
L100400,08/12/2026 00:44:00,EMP111,PC-3099,Logoff
L100401,08/11/2026 16:13:00,EMP112,PC-2490,Logon
L100402,08/12/2026 00:17:00,EMP112,PC-2490,Logoff
L100403,08/11/2026 17:28:00,EMP113,PC-7045,Logon
L100404,08/12/2026 01:42:00,EMP113,PC-7045,Logoff
L100405,08/11/2026 16:19:00,EMP114,PC-1250,Logon
L100406,08/12/2026 01:15:00,EMP114,PC-1250,Logoff
L100407,08/11/2026 16:40:00,EMP115,PC-6125,Logon
L100408,08/12/2026 01:23:00,EMP115,PC-6125,Logoff
L100409,08/11/2026 17:09:00,EMP116,PC-1300,Logon
L100410,08/12/2026 01:28:00,EMP116,PC-1300,Logoff
L100411,08/11/2026 17:26:00,EMP117,PC-9910,Logon
L100412,08/12/2026 02:01:00,EMP117,PC-9910,Logoff
L100413,08/11/2026 16:03:00,EMP118,PC-5022,Logon
L100414,08/12/2026 00:20:00,EMP118,PC-5022,Logoff
L100415,08/11/2026 16:21:00,EMP119,PC-3150,Logon
L100416,08/12/2026 00:40:00,EMP119,PC-3150,Logoff
L100417,08/11/2026 17:15:00,EMP120,PC-4120,Logon
L100418,08/12/2026 01:50:00,EMP120,PC-4120,Logoff
L100419,08/11/2026 17:29:00,EMP121,PC-8050,Logon
L100420,08/12/2026 01:35:00,EMP121,PC-8050,Logoff
L100421,08/11/2026 17:18:00,EMP122,PC-6150,Logon
L100422,08/12/2026 01:27:00,EMP122,PC-6150,Logoff
L100423,08/11/2026 17:31:00,EMP123,PC-4190,Logon
L100424,08/12/2026 02:17:00,EMP123,PC-4190,Logoff
L100425,08/11/2026 16:33:00,EMP124,PC-9001,Logon
L100426,08/12/2026 00:35:00,EMP124,PC-9001,Logoff
L100427,08/11/2026 16:13:00,EMP125,PC-9402,Logon
L100428,08/12/2026 00:45:00,EMP125,PC-9402,Logoff
L100429,08/11/2026 17:00:00,EMP126,PC-9945,Logon
L100430,08/12/2026 01:01:00,EMP126,PC-9945,Logoff
L100431,08/11/2026 16:15:00,EMP127,PC-1070,Logon
L100432,08/12/2026 00:27:00,EMP127,PC-1070,Logoff
L100433,08/12/2026 17:43:00,EMP101,PC-1001,Logon
L100434,08/13/2026 02:35:00,EMP101,PC-1001,Logoff
L100435,08/12/2026 17:03:00,AAF0535,PC-2408,Logon
L100436,08/13/2026 01:43:00,AAF0535,PC-2408,Logoff
L100437,08/12/2026 16:14:00,AAM0658,PC-9923,Logon
L100438,08/13/2026 00:27:00,AAM0658,PC-9923,Logoff
L100439,08/12/2026 16:13:00,BBS0039,PC-9436,Logon
L100440,08/13/2026 00:50:00,BBS0039,PC-9436,Logoff
L100441,08/12/2026 17:43:00,EMP102,PC-3012,Logon
L100442,08/13/2026 02:40:00,EMP102,PC-3012,Logoff
L100443,08/12/2026 17:14:00,EMP103,PC-4105,Logon
L100444,08/13/2026 02:07:00,EMP103,PC-4105,Logoff
L100445,08/12/2026 17:31:00,EMP104,PC-1102,Logon
L100446,08/13/2026 01:45:00,EMP104,PC-1102,Logoff
L100447,08/12/2026 16:45:00,EMP105,PC-5001,Logon
L100448,08/13/2026 00:49:00,EMP105,PC-5001,Logoff
L100449,08/12/2026 17:23:00,EMP106,PC-1088,Logon
L100450,08/13/2026 01:29:00,EMP106,PC-1088,Logoff
L100451,08/12/2026 16:27:00,EMP107,PC-6110,Logon
L100452,08/13/2026 00:55:00,EMP107,PC-6110,Logoff
L100453,08/12/2026 17:00:00,EMP108,PC-1044,Logon
L100454,08/13/2026 01:18:00,EMP108,PC-1044,Logoff
L100455,08/12/2026 16:08:00,EMP109,PC-7020,Logon
L100456,08/13/2026 00:25:00,EMP109,PC-7020,Logoff
L100457,08/12/2026 16:23:00,EMP110,PC-8005,Logon
L100458,08/13/2026 00:39:00,EMP110,PC-8005,Logoff
L100459,08/12/2026 16:19:00,EMP111,PC-3099,Logon
L100460,08/13/2026 00:19:00,EMP111,PC-3099,Logoff
L100461,08/12/2026 17:38:00,EMP112,PC-2490,Logon
L100462,08/13/2026 02:38:00,EMP112,PC-2490,Logoff
L100463,08/12/2026 17:24:00,EMP113,PC-7045,Logon
L100464,08/13/2026 01:41:00,EMP113,PC-7045,Logoff
L100465,08/12/2026 16:28:00,EMP114,PC-1250,Logon
L100466,08/13/2026 01:19:00,EMP114,PC-1250,Logoff
L100467,08/12/2026 16:45:00,EMP115,PC-6125,Logon
L100468,08/13/2026 01:12:00,EMP115,PC-6125,Logoff
L100469,08/12/2026 16:23:00,EMP116,PC-1300,Logon
L100470,08/13/2026 01:07:00,EMP116,PC-1300,Logoff
L100471,08/12/2026 17:27:00,EMP117,PC-9910,Logon
L100472,08/13/2026 01:33:00,EMP117,PC-9910,Logoff
L100473,08/12/2026 17:23:00,EMP118,PC-5022,Logon
L100474,08/13/2026 01:48:00,EMP118,PC-5022,Logoff
L100475,08/12/2026 17:05:00,EMP119,PC-3150,Logon
L100476,08/13/2026 01:12:00,EMP119,PC-3150,Logoff
L100477,08/12/2026 17:20:00,EMP120,PC-4120,Logon
L100478,08/13/2026 01:24:00,EMP120,PC-4120,Logoff
L100479,08/12/2026 16:35:00,EMP121,PC-8050,Logon
L100480,08/13/2026 00:45:00,EMP121,PC-8050,Logoff
L100481,08/12/2026 17:01:00,EMP122,PC-6150,Logon
L100482,08/13/2026 01:48:00,EMP122,PC-6150,Logoff
L100483,08/12/2026 16:34:00,EMP123,PC-4190,Logon
L100484,08/13/2026 00:45:00,EMP123,PC-4190,Logoff
L100485,08/12/2026 17:39:00,EMP124,PC-9001,Logon
L100486,08/13/2026 02:04:00,EMP124,PC-9001,Logoff
L100487,08/12/2026 16:20:00,EMP125,PC-9402,Logon
L100488,08/13/2026 00:27:00,EMP125,PC-9402,Logoff
L100489,08/12/2026 16:36:00,EMP126,PC-9945,Logon
L100490,08/13/2026 01:00:00,EMP126,PC-9945,Logoff
L100491,08/12/2026 17:08:00,EMP127,PC-1070,Logon
L100492,08/13/2026 01:19:00,EMP127,PC-1070,Logoff
L100493,08/13/2026 17:26:00,EMP101,PC-1001,Logon
L100494,08/14/2026 02:09:00,EMP101,PC-1001,Logoff
L100495,08/13/2026 17:02:00,AAF0535,PC-2408,Logon
L100496,08/14/2026 01:19:00,AAF0535,PC-2408,Logoff
L100497,08/13/2026 16:36:00,AAM0658,PC-9923,Logon
L100498,08/14/2026 00:43:00,AAM0658,PC-9923,Logoff
L100499,08/13/2026 16:41:00,BBS0039,PC-9436,Logon
L100500,08/14/2026 01:29:00,BBS0039,PC-9436,Logoff
L100501,08/13/2026 16:13:00,EMP102,PC-3012,Logon
L100502,08/14/2026 01:04:00,EMP102,PC-3012,Logoff
L100503,08/13/2026 16:03:00,EMP103,PC-4105,Logon
L100504,08/14/2026 00:39:00,EMP103,PC-4105,Logoff
L100505,08/13/2026 16:08:00,EMP104,PC-1102,Logon
L100506,08/14/2026 00:56:00,EMP104,PC-1102,Logoff
L100507,08/13/2026 16:43:00,EMP105,PC-5001,Logon
L100508,08/14/2026 01:08:00,EMP105,PC-5001,Logoff
L100509,08/13/2026 17:32:00,EMP106,PC-1088,Logon
L100510,08/14/2026 02:19:00,EMP106,PC-1088,Logoff
L100511,08/13/2026 17:04:00,EMP107,PC-6110,Logon
L100512,08/14/2026 01:54:00,EMP107,PC-6110,Logoff
L100513,08/13/2026 17:21:00,EMP108,PC-1044,Logon
L100514,08/14/2026 02:18:00,EMP108,PC-1044,Logoff
L100515,08/13/2026 17:12:00,EMP109,PC-7020,Logon
L100516,08/14/2026 01:56:00,EMP109,PC-7020,Logoff
L100517,08/13/2026 17:42:00,EMP110,PC-8005,Logon
L100518,08/14/2026 02:39:00,EMP110,PC-8005,Logoff
L100519,08/13/2026 16:13:00,EMP111,PC-3099,Logon
L100520,08/14/2026 00:43:00,EMP111,PC-3099,Logoff
L100521,08/13/2026 16:27:00,EMP112,PC-2490,Logon
L100522,08/14/2026 01:11:00,EMP112,PC-2490,Logoff
L100523,08/13/2026 17:19:00,EMP113,PC-7045,Logon
L100524,08/14/2026 01:27:00,EMP113,PC-7045,Logoff
L100525,08/13/2026 17:22:00,EMP114,PC-1250,Logon
L100526,08/14/2026 02:08:00,EMP114,PC-1250,Logoff
L100527,08/13/2026 16:06:00,EMP115,PC-6125,Logon
L100528,08/14/2026 00:14:00,EMP115,PC-6125,Logoff
L100529,08/13/2026 16:17:00,EMP116,PC-1300,Logon
L100530,08/14/2026 00:58:00,EMP116,PC-1300,Logoff
L100531,08/13/2026 17:13:00,EMP117,PC-9910,Logon
L100532,08/14/2026 01:46:00,EMP117,PC-9910,Logoff
L100533,08/13/2026 17:40:00,EMP118,PC-5022,Logon
L100534,08/14/2026 02:18:00,EMP118,PC-5022,Logoff
L100535,08/13/2026 17:34:00,EMP119,PC-3150,Logon
L100536,08/14/2026 02:17:00,EMP119,PC-3150,Logoff
L100537,08/13/2026 16:02:00,EMP120,PC-4120,Logon
L100538,08/14/2026 01:01:00,EMP120,PC-4120,Logoff
L100539,08/13/2026 16:40:00,EMP121,PC-8050,Logon
L100540,08/14/2026 01:14:00,EMP121,PC-8050,Logoff
L100541,08/13/2026 16:19:00,EMP122,PC-6150,Logon
L100542,08/14/2026 01:03:00,EMP122,PC-6150,Logoff
L100543,08/13/2026 17:42:00,EMP123,PC-4190,Logon
L100544,08/14/2026 02:29:00,EMP123,PC-4190,Logoff
L100545,08/13/2026 17:10:00,EMP124,PC-9001,Logon
L100546,08/14/2026 01:33:00,EMP124,PC-9001,Logoff
L100547,08/13/2026 17:33:00,EMP125,PC-9402,Logon
L100548,08/14/2026 01:37:00,EMP125,PC-9402,Logoff
L100549,08/13/2026 16:23:00,EMP126,PC-9945,Logon
L100550,08/14/2026 00:33:00,EMP126,PC-9945,Logoff
L100551,08/13/2026 16:02:00,EMP127,PC-1070,Logon
L100552,08/14/2026 00:32:00,EMP127,PC-1070,Logoff
L100553,08/14/2026 16:26:00,EMP101,PC-1001,Logon
L100554,08/15/2026 01:24:00,EMP101,PC-1001,Logoff
L100555,08/14/2026 16:25:00,AAF0535,PC-2408,Logon
L100556,08/15/2026 00:29:00,AAF0535,PC-2408,Logoff
L100557,08/14/2026 17:39:00,AAM0658,PC-9923,Logon
L100558,08/15/2026 01:54:00,AAM0658,PC-9923,Logoff
L100559,08/14/2026 16:14:00,BBS0039,PC-9436,Logon
L100560,08/15/2026 00:48:00,BBS0039,PC-9436,Logoff
L100561,08/14/2026 16:26:00,EMP102,PC-3012,Logon
L100562,08/15/2026 00:57:00,EMP102,PC-3012,Logoff
L100563,08/14/2026 17:44:00,EMP103,PC-4105,Logon
L100564,08/15/2026 02:41:00,EMP103,PC-4105,Logoff
L100565,08/14/2026 17:42:00,EMP104,PC-1102,Logon
L100566,08/15/2026 01:50:00,EMP104,PC-1102,Logoff
L100567,08/14/2026 16:04:00,EMP105,PC-5001,Logon
L100568,08/15/2026 01:04:00,EMP105,PC-5001,Logoff
L100569,08/14/2026 17:26:00,EMP106,PC-1088,Logon
L100570,08/15/2026 01:33:00,EMP106,PC-1088,Logoff
L100571,08/14/2026 16:20:00,EMP107,PC-6110,Logon
L100572,08/15/2026 00:29:00,EMP107,PC-6110,Logoff
L100573,08/14/2026 17:11:00,EMP108,PC-1044,Logon
L100574,08/15/2026 01:12:00,EMP108,PC-1044,Logoff
L100575,08/14/2026 16:00:00,EMP109,PC-7020,Logon
L100576,08/15/2026 00:03:00,EMP109,PC-7020,Logoff
L100577,08/14/2026 16:01:00,EMP110,PC-8005,Logon
L100578,08/15/2026 00:05:00,EMP110,PC-8005,Logoff
L100579,08/14/2026 16:10:00,EMP111,PC-3099,Logon
L100580,08/15/2026 01:09:00,EMP111,PC-3099,Logoff
L100581,08/14/2026 17:17:00,EMP112,PC-2490,Logon
L100582,08/15/2026 01:45:00,EMP112,PC-2490,Logoff
L100583,08/14/2026 17:03:00,EMP113,PC-7045,Logon
L100584,08/15/2026 01:08:00,EMP113,PC-7045,Logoff
L100585,08/14/2026 17:45:00,EMP114,PC-1250,Logon
L100586,08/15/2026 02:07:00,EMP114,PC-1250,Logoff
L100587,08/14/2026 17:38:00,EMP115,PC-6125,Logon
L100588,08/15/2026 01:52:00,EMP115,PC-6125,Logoff
L100589,08/14/2026 16:15:00,EMP116,PC-1300,Logon
L100590,08/15/2026 00:57:00,EMP116,PC-1300,Logoff
L100591,08/14/2026 17:11:00,EMP117,PC-9910,Logon
L100592,08/15/2026 01:22:00,EMP117,PC-9910,Logoff
L100593,08/14/2026 16:36:00,EMP118,PC-5022,Logon
L100594,08/15/2026 01:36:00,EMP118,PC-5022,Logoff
L100595,08/14/2026 16:38:00,EMP119,PC-3150,Logon
L100596,08/15/2026 00:52:00,EMP119,PC-3150,Logoff
L100597,08/14/2026 17:45:00,EMP120,PC-4120,Logon
L100598,08/15/2026 01:56:00,EMP120,PC-4120,Logoff
L100599,08/14/2026 16:23:00,EMP121,PC-8050,Logon
L100600,08/15/2026 01:08:00,EMP121,PC-8050,Logoff
L100601,08/14/2026 16:45:00,EMP122,PC-6150,Logon
L100602,08/15/2026 01:20:00,EMP122,PC-6150,Logoff
L100603,08/14/2026 17:36:00,EMP123,PC-4190,Logon
L100604,08/15/2026 01:38:00,EMP123,PC-4190,Logoff
L100605,08/14/2026 16:21:00,EMP124,PC-9001,Logon
L100606,08/15/2026 01:08:00,EMP124,PC-9001,Logoff
L100607,08/14/2026 17:00:00,EMP125,PC-9402,Logon
L100608,08/15/2026 01:16:00,EMP125,PC-9402,Logoff
L100609,08/14/2026 16:24:00,EMP126,PC-9945,Logon
L100610,08/15/2026 00:52:00,EMP126,PC-9945,Logoff
L100611,08/14/2026 16:28:00,EMP127,PC-1070,Logon
L100612,08/15/2026 00:32:00,EMP127,PC-1070,Logoff
L100613,08/15/2026 22:30:00,AAM0658,PC-9923,Logon
L100614,08/15/2026 22:55:00,AAM0658,PC-9923,Logoff
L100615,08/15/2026 22:10:00,EMP109,PC-7020,Logon
L100616,08/15/2026 22:43:00,EMP109,PC-7020,Logoff
L100617,08/15/2026 22:12:00,EMP117,PC-9910,Logon
L100618,08/15/2026 23:08:00,EMP117,PC-9910,Logoff
L100619,08/15/2026 22:00:00,EMP120,PC-4120,Logon
L100620,08/15/2026 22:47:00,EMP120,PC-4120,Logoff
L100621,08/15/2026 22:26:00,EMP121,PC-8050,Logon
L100622,08/15/2026 23:26:00,EMP121,PC-8050,Logoff
L100623,08/15/2026 22:05:00,EMP124,PC-9001,Logon
L100624,08/15/2026 23:05:00,EMP124,PC-9001,Logoff
L100625,08/15/2026 22:27:00,EMP126,PC-9945,Logon
L100626,08/15/2026 22:54:00,EMP126,PC-9945,Logoff
L100627,08/16/2026 22:17:00,BBS0039,PC-9436,Logon
L100628,08/16/2026 23:01:00,BBS0039,PC-9436,Logoff
L100629,08/16/2026 22:24:00,EMP110,PC-8005,Logon
L100630,08/16/2026 22:50:00,EMP110,PC-8005,Logoff
L100631,08/16/2026 22:11:00,EMP111,PC-3099,Logon
L100632,08/16/2026 23:05:00,EMP111,PC-3099,Logoff
L100633,08/16/2026 22:12:00,EMP115,PC-6125,Logon
L100634,08/16/2026 23:05:00,EMP115,PC-6125,Logoff
L100635,08/16/2026 22:28:00,EMP122,PC-6150,Logon
L100636,08/16/2026 22:50:00,EMP122,PC-6150,Logoff
L100637,08/17/2026 16:28:00,EMP101,PC-1001,Logon
L100638,08/18/2026 00:39:00,EMP101,PC-1001,Logoff
L100639,08/17/2026 16:40:00,AAF0535,PC-2408,Logon
L100640,08/18/2026 00:49:00,AAF0535,PC-2408,Logoff
L100641,08/17/2026 17:00:00,AAM0658,PC-9923,Logon
L100642,08/18/2026 01:50:00,AAM0658,PC-9923,Logoff
L100643,08/17/2026 16:36:00,BBS0039,PC-9436,Logon
L100644,08/18/2026 01:25:00,BBS0039,PC-9436,Logoff
L100645,08/17/2026 17:02:00,EMP102,PC-3012,Logon
L100646,08/18/2026 01:13:00,EMP102,PC-3012,Logoff
L100647,08/17/2026 16:03:00,EMP103,PC-4105,Logon
L100648,08/18/2026 00:50:00,EMP103,PC-4105,Logoff
L100649,08/17/2026 16:08:00,EMP104,PC-1102,Logon
L100650,08/18/2026 00:27:00,EMP104,PC-1102,Logoff
L100651,08/17/2026 17:33:00,EMP105,PC-5001,Logon
L100652,08/18/2026 02:28:00,EMP105,PC-5001,Logoff
L100653,08/17/2026 16:11:00,EMP106,PC-1088,Logon
L100654,08/18/2026 00:23:00,EMP106,PC-1088,Logoff
L100655,08/17/2026 17:23:00,EMP107,PC-6110,Logon
L100656,08/18/2026 02:15:00,EMP107,PC-6110,Logoff
L100657,08/17/2026 16:30:00,EMP108,PC-1044,Logon
L100658,08/18/2026 01:07:00,EMP108,PC-1044,Logoff
L100659,08/17/2026 16:14:00,EMP109,PC-7020,Logon
L100660,08/18/2026 00:55:00,EMP109,PC-7020,Logoff
L100661,08/17/2026 17:08:00,EMP110,PC-8005,Logon
L100662,08/18/2026 01:49:00,EMP110,PC-8005,Logoff
L100663,08/17/2026 17:24:00,EMP111,PC-3099,Logon
L100664,08/18/2026 02:18:00,EMP111,PC-3099,Logoff
L100665,08/17/2026 16:32:00,EMP112,PC-2490,Logon
L100666,08/18/2026 01:14:00,EMP112,PC-2490,Logoff
L100667,08/17/2026 17:40:00,EMP113,PC-7045,Logon
L100668,08/18/2026 02:00:00,EMP113,PC-7045,Logoff
L100669,08/17/2026 16:38:00,EMP114,PC-1250,Logon
L100670,08/18/2026 01:03:00,EMP114,PC-1250,Logoff
L100671,08/17/2026 16:37:00,EMP115,PC-6125,Logon
L100672,08/18/2026 01:22:00,EMP115,PC-6125,Logoff
L100673,08/17/2026 16:42:00,EMP116,PC-1300,Logon
L100674,08/18/2026 01:38:00,EMP116,PC-1300,Logoff
L100675,08/17/2026 16:14:00,EMP117,PC-9910,Logon
L100676,08/18/2026 00:36:00,EMP117,PC-9910,Logoff
L100677,08/17/2026 17:07:00,EMP118,PC-5022,Logon
L100678,08/18/2026 01:37:00,EMP118,PC-5022,Logoff
L100679,08/17/2026 16:43:00,EMP119,PC-3150,Logon
L100680,08/18/2026 01:07:00,EMP119,PC-3150,Logoff
L100681,08/17/2026 16:05:00,EMP120,PC-4120,Logon
L100682,08/18/2026 00:36:00,EMP120,PC-4120,Logoff
L100683,08/17/2026 16:31:00,EMP121,PC-8050,Logon
L100684,08/18/2026 01:21:00,EMP121,PC-8050,Logoff
L100685,08/17/2026 17:00:00,EMP122,PC-6150,Logon
L100686,08/18/2026 01:02:00,EMP122,PC-6150,Logoff
L100687,08/17/2026 17:08:00,EMP123,PC-4190,Logon
L100688,08/18/2026 01:14:00,EMP123,PC-4190,Logoff
L100689,08/17/2026 17:27:00,EMP124,PC-9001,Logon
L100690,08/18/2026 02:23:00,EMP124,PC-9001,Logoff
L100691,08/17/2026 16:01:00,EMP125,PC-9402,Logon
L100692,08/18/2026 00:38:00,EMP125,PC-9402,Logoff
L100693,08/17/2026 16:42:00,EMP126,PC-9945,Logon
L100694,08/18/2026 00:48:00,EMP126,PC-9945,Logoff
L100695,08/17/2026 16:44:00,EMP127,PC-1070,Logon
L100696,08/18/2026 01:27:00,EMP127,PC-1070,Logoff
L100697,08/18/2026 17:06:00,EMP101,PC-1001,Logon
L100698,08/19/2026 01:38:00,EMP101,PC-1001,Logoff
L100699,08/18/2026 16:22:00,AAF0535,PC-2408,Logon
L100700,08/19/2026 01:07:00,AAF0535,PC-2408,Logoff
L100701,08/18/2026 16:42:00,AAM0658,PC-9923,Logon
L100702,08/19/2026 00:47:00,AAM0658,PC-9923,Logoff
L100703,08/18/2026 17:41:00,BBS0039,PC-9436,Logon
L100704,08/19/2026 01:55:00,BBS0039,PC-9436,Logoff
L100705,08/18/2026 17:07:00,EMP102,PC-3012,Logon
L100706,08/19/2026 01:13:00,EMP102,PC-3012,Logoff
L100707,08/18/2026 17:05:00,EMP103,PC-4105,Logon
L100708,08/19/2026 01:28:00,EMP103,PC-4105,Logoff
L100709,08/18/2026 16:07:00,EMP104,PC-1102,Logon
L100710,08/19/2026 00:15:00,EMP104,PC-1102,Logoff
L100711,08/18/2026 17:39:00,EMP105,PC-5001,Logon
L100712,08/19/2026 01:40:00,EMP105,PC-5001,Logoff
L100713,08/18/2026 16:45:00,EMP106,PC-1088,Logon
L100714,08/19/2026 01:40:00,EMP106,PC-1088,Logoff
L100715,08/18/2026 17:42:00,EMP107,PC-6110,Logon
L100716,08/19/2026 02:28:00,EMP107,PC-6110,Logoff
L100717,08/18/2026 16:41:00,EMP108,PC-1044,Logon
L100718,08/19/2026 01:40:00,EMP108,PC-1044,Logoff
L100719,08/18/2026 17:17:00,EMP109,PC-7020,Logon
L100720,08/19/2026 01:20:00,EMP109,PC-7020,Logoff
L100721,08/18/2026 17:28:00,EMP110,PC-8005,Logon
L100722,08/19/2026 01:48:00,EMP110,PC-8005,Logoff
L100723,08/18/2026 16:05:00,EMP111,PC-3099,Logon
L100724,08/19/2026 00:55:00,EMP111,PC-3099,Logoff
L100725,08/18/2026 16:29:00,EMP112,PC-2490,Logon
L100726,08/19/2026 00:50:00,EMP112,PC-2490,Logoff
L100727,08/18/2026 16:21:00,EMP113,PC-7045,Logon
L100728,08/19/2026 00:43:00,EMP113,PC-7045,Logoff
L100729,08/18/2026 16:16:00,EMP114,PC-1250,Logon
L100730,08/19/2026 00:55:00,EMP114,PC-1250,Logoff
L100731,08/18/2026 16:26:00,EMP115,PC-6125,Logon
L100732,08/19/2026 00:28:00,EMP115,PC-6125,Logoff
L100733,08/18/2026 16:35:00,EMP116,PC-1300,Logon
L100734,08/19/2026 01:34:00,EMP116,PC-1300,Logoff
L100735,08/18/2026 17:32:00,EMP117,PC-9910,Logon
L100736,08/19/2026 02:28:00,EMP117,PC-9910,Logoff
L100737,08/18/2026 16:26:00,EMP118,PC-5022,Logon
L100738,08/19/2026 01:04:00,EMP118,PC-5022,Logoff
L100739,08/18/2026 17:43:00,EMP119,PC-3150,Logon
L100740,08/19/2026 02:05:00,EMP119,PC-3150,Logoff
L100741,08/18/2026 17:37:00,EMP120,PC-4120,Logon
L100742,08/19/2026 02:13:00,EMP120,PC-4120,Logoff
L100743,08/18/2026 16:03:00,EMP121,PC-8050,Logon
L100744,08/19/2026 00:45:00,EMP121,PC-8050,Logoff
L100745,08/18/2026 17:13:00,EMP122,PC-6150,Logon
L100746,08/19/2026 02:01:00,EMP122,PC-6150,Logoff
L100747,08/18/2026 17:44:00,EMP123,PC-4190,Logon
L100748,08/19/2026 02:26:00,EMP123,PC-4190,Logoff
L100749,08/18/2026 17:12:00,EMP124,PC-9001,Logon
L100750,08/19/2026 01:51:00,EMP124,PC-9001,Logoff
L100751,08/18/2026 16:18:00,EMP125,PC-9402,Logon
L100752,08/19/2026 00:46:00,EMP125,PC-9402,Logoff
L100753,08/18/2026 17:17:00,EMP126,PC-9945,Logon
L100754,08/19/2026 01:52:00,EMP126,PC-9945,Logoff
L100755,08/18/2026 17:38:00,EMP127,PC-1070,Logon
L100756,08/19/2026 01:41:00,EMP127,PC-1070,Logoff
L100757,08/19/2026 16:32:00,EMP101,PC-1001,Logon
L100758,08/20/2026 00:42:00,EMP101,PC-1001,Logoff
L100759,08/19/2026 17:13:00,AAF0535,PC-2408,Logon
L100760,08/20/2026 02:13:00,AAF0535,PC-2408,Logoff
L100761,08/19/2026 16:43:00,AAM0658,PC-9923,Logon
L100762,08/20/2026 01:39:00,AAM0658,PC-9923,Logoff
L100763,08/19/2026 17:32:00,BBS0039,PC-9436,Logon
L100764,08/20/2026 02:23:00,BBS0039,PC-9436,Logoff
L100765,08/19/2026 16:40:00,EMP102,PC-3012,Logon
L100766,08/20/2026 00:44:00,EMP102,PC-3012,Logoff
L100767,08/19/2026 17:41:00,EMP103,PC-4105,Logon
L100768,08/20/2026 02:33:00,EMP103,PC-4105,Logoff
L100769,08/19/2026 16:03:00,EMP104,PC-1102,Logon
L100770,08/20/2026 00:14:00,EMP104,PC-1102,Logoff
L100771,08/19/2026 17:20:00,EMP105,PC-5001,Logon
L100772,08/20/2026 01:21:00,EMP105,PC-5001,Logoff
L100773,08/19/2026 16:22:00,EMP106,PC-1088,Logon
L100774,08/20/2026 01:21:00,EMP106,PC-1088,Logoff
L100775,08/19/2026 17:10:00,EMP107,PC-6110,Logon
L100776,08/20/2026 01:44:00,EMP107,PC-6110,Logoff
L100777,08/19/2026 16:35:00,EMP108,PC-1044,Logon
L100778,08/20/2026 01:30:00,EMP108,PC-1044,Logoff
L100779,08/19/2026 17:13:00,EMP109,PC-7020,Logon
L100780,08/20/2026 01:39:00,EMP109,PC-7020,Logoff
L100781,08/19/2026 17:41:00,EMP110,PC-8005,Logon
L100782,08/20/2026 02:16:00,EMP110,PC-8005,Logoff
L100783,08/19/2026 17:22:00,EMP111,PC-3099,Logon
L100784,08/20/2026 01:30:00,EMP111,PC-3099,Logoff
L100785,08/19/2026 16:36:00,EMP112,PC-2490,Logon
L100786,08/20/2026 01:12:00,EMP112,PC-2490,Logoff
L100787,08/19/2026 16:43:00,EMP113,PC-7045,Logon
L100788,08/20/2026 01:29:00,EMP113,PC-7045,Logoff
L100789,08/19/2026 17:08:00,EMP114,PC-1250,Logon
L100790,08/20/2026 02:05:00,EMP114,PC-1250,Logoff
L100791,08/19/2026 16:02:00,EMP115,PC-6125,Logon
L100792,08/20/2026 00:37:00,EMP115,PC-6125,Logoff
L100793,08/19/2026 16:29:00,EMP116,PC-1300,Logon
L100794,08/20/2026 01:01:00,EMP116,PC-1300,Logoff
L100795,08/19/2026 16:11:00,EMP117,PC-9910,Logon
L100796,08/20/2026 00:47:00,EMP117,PC-9910,Logoff
L100797,08/19/2026 17:14:00,EMP118,PC-5022,Logon
L100798,08/20/2026 01:16:00,EMP118,PC-5022,Logoff
L100799,08/19/2026 17:16:00,EMP119,PC-3150,Logon
L100800,08/20/2026 01:53:00,EMP119,PC-3150,Logoff
L100801,08/19/2026 16:33:00,EMP120,PC-4120,Logon
L100802,08/20/2026 00:58:00,EMP120,PC-4120,Logoff
L100803,08/19/2026 16:32:00,EMP121,PC-8050,Logon
L100804,08/20/2026 01:13:00,EMP121,PC-8050,Logoff
L100805,08/19/2026 16:30:00,EMP122,PC-6150,Logon
L100806,08/20/2026 01:13:00,EMP122,PC-6150,Logoff
L100807,08/19/2026 16:08:00,EMP123,PC-4190,Logon
L100808,08/20/2026 00:48:00,EMP123,PC-4190,Logoff
L100809,08/19/2026 17:05:00,EMP124,PC-9001,Logon
L100810,08/20/2026 01:18:00,EMP124,PC-9001,Logoff
L100811,08/19/2026 17:10:00,EMP125,PC-9402,Logon
L100812,08/20/2026 01:56:00,EMP125,PC-9402,Logoff
L100813,08/19/2026 17:09:00,EMP126,PC-9945,Logon
L100814,08/20/2026 01:47:00,EMP126,PC-9945,Logoff
L100815,08/19/2026 16:30:00,EMP127,PC-1070,Logon
L100816,08/20/2026 01:12:00,EMP127,PC-1070,Logoff
L100817,08/20/2026 17:02:00,EMP101,PC-1001,Logon
L100818,08/21/2026 01:46:00,EMP101,PC-1001,Logoff
L100819,08/20/2026 17:30:00,AAF0535,PC-2408,Logon
L100820,08/21/2026 02:19:00,AAF0535,PC-2408,Logoff
L100821,08/20/2026 16:36:00,AAM0658,PC-9923,Logon
L100822,08/21/2026 01:09:00,AAM0658,PC-9923,Logoff
L100823,08/20/2026 16:09:00,BBS0039,PC-9436,Logon
L100824,08/21/2026 00:36:00,BBS0039,PC-9436,Logoff
L100825,08/20/2026 17:35:00,EMP102,PC-3012,Logon
L100826,08/21/2026 02:25:00,EMP102,PC-3012,Logoff
L100827,08/20/2026 16:42:00,EMP103,PC-4105,Logon
L100828,08/21/2026 00:49:00,EMP103,PC-4105,Logoff
L100829,08/20/2026 16:24:00,EMP104,PC-1102,Logon
L100830,08/21/2026 01:04:00,EMP104,PC-1102,Logoff
L100831,08/20/2026 16:23:00,EMP105,PC-5001,Logon
L100832,08/21/2026 00:28:00,EMP105,PC-5001,Logoff
L100833,08/20/2026 17:28:00,EMP106,PC-1088,Logon
L100834,08/21/2026 01:28:00,EMP106,PC-1088,Logoff
L100835,08/20/2026 16:39:00,EMP107,PC-6110,Logon
L100836,08/21/2026 00:49:00,EMP107,PC-6110,Logoff
L100837,08/20/2026 17:37:00,EMP108,PC-1044,Logon
L100838,08/21/2026 01:49:00,EMP108,PC-1044,Logoff
L100839,08/20/2026 17:14:00,EMP109,PC-7020,Logon
L100840,08/21/2026 01:52:00,EMP109,PC-7020,Logoff
L100841,08/20/2026 16:35:00,EMP110,PC-8005,Logon
L100842,08/21/2026 00:39:00,EMP110,PC-8005,Logoff
L100843,08/20/2026 16:21:00,EMP111,PC-3099,Logon
L100844,08/21/2026 01:10:00,EMP111,PC-3099,Logoff
L100845,08/20/2026 16:20:00,EMP112,PC-2490,Logon
L100846,08/21/2026 00:46:00,EMP112,PC-2490,Logoff
L100847,08/20/2026 16:35:00,EMP113,PC-7045,Logon
L100848,08/21/2026 01:34:00,EMP113,PC-7045,Logoff
L100849,08/20/2026 17:12:00,EMP114,PC-1250,Logon
L100850,08/21/2026 01:27:00,EMP114,PC-1250,Logoff
L100851,08/20/2026 17:39:00,EMP115,PC-6125,Logon
L100852,08/21/2026 01:39:00,EMP115,PC-6125,Logoff
L100853,08/20/2026 17:25:00,EMP116,PC-1300,Logon
L100854,08/21/2026 01:39:00,EMP116,PC-1300,Logoff
L100855,08/20/2026 17:07:00,EMP117,PC-9910,Logon
L100856,08/21/2026 01:51:00,EMP117,PC-9910,Logoff
L100857,08/20/2026 17:11:00,EMP118,PC-5022,Logon
L100858,08/21/2026 01:46:00,EMP118,PC-5022,Logoff
L100859,08/20/2026 17:44:00,EMP119,PC-3150,Logon
L100860,08/21/2026 02:32:00,EMP119,PC-3150,Logoff
L100861,08/20/2026 16:17:00,EMP120,PC-4120,Logon
L100862,08/21/2026 01:08:00,EMP120,PC-4120,Logoff
L100863,08/20/2026 16:26:00,EMP121,PC-8050,Logon
L100864,08/21/2026 00:57:00,EMP121,PC-8050,Logoff
L100865,08/20/2026 16:25:00,EMP122,PC-6150,Logon
L100866,08/21/2026 00:31:00,EMP122,PC-6150,Logoff
L100867,08/20/2026 17:22:00,EMP123,PC-4190,Logon
L100868,08/21/2026 01:23:00,EMP123,PC-4190,Logoff
L100869,08/20/2026 17:20:00,EMP124,PC-9001,Logon
L100870,08/21/2026 02:03:00,EMP124,PC-9001,Logoff
L100871,08/20/2026 17:26:00,EMP125,PC-9402,Logon
L100872,08/21/2026 02:06:00,EMP125,PC-9402,Logoff
L100873,08/20/2026 17:17:00,EMP126,PC-9945,Logon
L100874,08/21/2026 02:13:00,EMP126,PC-9945,Logoff
L100875,08/20/2026 16:15:00,EMP127,PC-1070,Logon
L100876,08/21/2026 00:57:00,EMP127,PC-1070,Logoff
L100877,08/21/2026 17:35:00,EMP101,PC-1001,Logon
L100878,08/22/2026 01:38:00,EMP101,PC-1001,Logoff
L100879,08/21/2026 17:19:00,AAF0535,PC-2408,Logon
L100880,08/22/2026 01:33:00,AAF0535,PC-2408,Logoff
L100881,08/21/2026 16:02:00,AAM0658,PC-9923,Logon
L100882,08/22/2026 00:44:00,AAM0658,PC-9923,Logoff
L100883,08/21/2026 16:37:00,BBS0039,PC-9436,Logon
L100884,08/22/2026 01:15:00,BBS0039,PC-9436,Logoff
L100885,08/21/2026 17:34:00,EMP102,PC-3012,Logon
L100886,08/22/2026 01:48:00,EMP102,PC-3012,Logoff
L100887,08/21/2026 16:33:00,EMP103,PC-4105,Logon
L100888,08/22/2026 01:25:00,EMP103,PC-4105,Logoff
L100889,08/21/2026 17:00:00,EMP104,PC-1102,Logon
L100890,08/22/2026 01:49:00,EMP104,PC-1102,Logoff
L100891,08/21/2026 17:15:00,EMP105,PC-5001,Logon
L100892,08/22/2026 01:25:00,EMP105,PC-5001,Logoff
L100893,08/21/2026 17:41:00,EMP106,PC-1088,Logon
L100894,08/22/2026 02:28:00,EMP106,PC-1088,Logoff
L100895,08/21/2026 17:44:00,EMP107,PC-6110,Logon
L100896,08/22/2026 02:23:00,EMP107,PC-6110,Logoff
L100897,08/21/2026 17:08:00,EMP108,PC-1044,Logon
L100898,08/22/2026 01:53:00,EMP108,PC-1044,Logoff
L100899,08/21/2026 17:31:00,EMP109,PC-7020,Logon
L100900,08/22/2026 01:54:00,EMP109,PC-7020,Logoff
L100901,08/21/2026 16:34:00,EMP110,PC-8005,Logon
L100902,08/22/2026 01:04:00,EMP110,PC-8005,Logoff
L100903,08/21/2026 16:02:00,EMP111,PC-3099,Logon
L100904,08/22/2026 00:14:00,EMP111,PC-3099,Logoff
L100905,08/21/2026 16:40:00,EMP112,PC-2490,Logon
L100906,08/22/2026 01:26:00,EMP112,PC-2490,Logoff
L100907,08/21/2026 16:23:00,EMP113,PC-7045,Logon
L100908,08/22/2026 01:19:00,EMP113,PC-7045,Logoff
L100909,08/21/2026 16:17:00,EMP114,PC-1250,Logon
L100910,08/22/2026 00:54:00,EMP114,PC-1250,Logoff
L100911,08/21/2026 17:05:00,EMP115,PC-6125,Logon
L100912,08/22/2026 01:20:00,EMP115,PC-6125,Logoff
L100913,08/21/2026 16:44:00,EMP116,PC-1300,Logon
L100914,08/22/2026 01:18:00,EMP116,PC-1300,Logoff
L100915,08/21/2026 16:01:00,EMP117,PC-9910,Logon
L100916,08/22/2026 00:45:00,EMP117,PC-9910,Logoff
L100917,08/21/2026 17:12:00,EMP118,PC-5022,Logon
L100918,08/22/2026 01:48:00,EMP118,PC-5022,Logoff
L100919,08/21/2026 16:04:00,EMP119,PC-3150,Logon
L100920,08/22/2026 00:37:00,EMP119,PC-3150,Logoff
L100921,08/21/2026 17:11:00,EMP120,PC-4120,Logon
L100922,08/22/2026 02:07:00,EMP120,PC-4120,Logoff
L100923,08/21/2026 17:12:00,EMP121,PC-8050,Logon
L100924,08/22/2026 01:45:00,EMP121,PC-8050,Logoff
L100925,08/21/2026 16:02:00,EMP122,PC-6150,Logon
L100926,08/22/2026 00:55:00,EMP122,PC-6150,Logoff
L100927,08/21/2026 17:42:00,EMP123,PC-4190,Logon
L100928,08/22/2026 02:13:00,EMP123,PC-4190,Logoff
L100929,08/21/2026 17:05:00,EMP124,PC-9001,Logon
L100930,08/22/2026 01:34:00,EMP124,PC-9001,Logoff
L100931,08/21/2026 16:19:00,EMP125,PC-9402,Logon
L100932,08/22/2026 00:23:00,EMP125,PC-9402,Logoff
L100933,08/21/2026 16:33:00,EMP126,PC-9945,Logon
L100934,08/22/2026 01:15:00,EMP126,PC-9945,Logoff
L100935,08/21/2026 17:43:00,EMP127,PC-1070,Logon
L100936,08/22/2026 02:12:00,EMP127,PC-1070,Logoff
L100937,08/22/2026 22:01:00,EMP115,PC-6125,Logon
L100938,08/22/2026 22:39:00,EMP115,PC-6125,Logoff
L100939,08/22/2026 22:26:00,EMP123,PC-4190,Logon
L100940,08/22/2026 23:03:00,EMP123,PC-4190,Logoff
L100941,08/23/2026 22:14:00,EMP101,PC-1001,Logon
L100942,08/23/2026 22:56:00,EMP101,PC-1001,Logoff
L100943,08/23/2026 22:10:00,EMP108,PC-1044,Logon
L100944,08/23/2026 23:00:00,EMP108,PC-1044,Logoff
L100945,08/23/2026 22:01:00,EMP118,PC-5022,Logon
L100946,08/23/2026 22:42:00,EMP118,PC-5022,Logoff
L100947,08/23/2026 22:24:00,EMP127,PC-1070,Logon
L100948,08/23/2026 23:24:00,EMP127,PC-1070,Logoff
L100949,08/24/2026 17:03:00,EMP101,PC-1001,Logon
L100950,08/25/2026 01:22:00,EMP101,PC-1001,Logoff
L100951,08/24/2026 17:38:00,AAF0535,PC-2408,Logon
L100952,08/25/2026 02:14:00,AAF0535,PC-2408,Logoff
L100953,08/24/2026 17:16:00,AAM0658,PC-9923,Logon
L100954,08/25/2026 01:21:00,AAM0658,PC-9923,Logoff
L100955,08/24/2026 17:41:00,BBS0039,PC-9436,Logon
L100956,08/25/2026 02:17:00,BBS0039,PC-9436,Logoff
L100957,08/24/2026 17:20:00,EMP102,PC-3012,Logon
L100958,08/25/2026 02:03:00,EMP102,PC-3012,Logoff
L100959,08/24/2026 17:10:00,EMP103,PC-4105,Logon
L100960,08/25/2026 01:32:00,EMP103,PC-4105,Logoff
L100961,08/24/2026 16:03:00,EMP104,PC-1102,Logon
L100962,08/25/2026 00:18:00,EMP104,PC-1102,Logoff
L100963,08/24/2026 16:13:00,EMP105,PC-5001,Logon
L100964,08/25/2026 00:47:00,EMP105,PC-5001,Logoff
L100965,08/24/2026 16:16:00,EMP106,PC-1088,Logon
L100966,08/25/2026 00:26:00,EMP106,PC-1088,Logoff
L100967,08/24/2026 16:24:00,EMP107,PC-6110,Logon
L100968,08/25/2026 01:06:00,EMP107,PC-6110,Logoff
L100969,08/24/2026 16:20:00,EMP108,PC-1044,Logon
L100970,08/25/2026 00:51:00,EMP108,PC-1044,Logoff
L100971,08/24/2026 17:21:00,EMP109,PC-7020,Logon
L100972,08/25/2026 01:52:00,EMP109,PC-7020,Logoff
L100973,08/24/2026 17:03:00,EMP110,PC-8005,Logon
L100974,08/25/2026 01:43:00,EMP110,PC-8005,Logoff
L100975,08/24/2026 16:24:00,EMP111,PC-3099,Logon
L100976,08/25/2026 00:57:00,EMP111,PC-3099,Logoff
L100977,08/24/2026 17:34:00,EMP112,PC-2490,Logon
L100978,08/25/2026 01:42:00,EMP112,PC-2490,Logoff
L100979,08/24/2026 16:27:00,EMP113,PC-7045,Logon
L100980,08/25/2026 01:25:00,EMP113,PC-7045,Logoff
L100981,08/24/2026 16:20:00,EMP114,PC-1250,Logon
L100982,08/25/2026 01:13:00,EMP114,PC-1250,Logoff
L100983,08/24/2026 16:12:00,EMP115,PC-6125,Logon
L100984,08/25/2026 00:18:00,EMP115,PC-6125,Logoff
L100985,08/24/2026 16:14:00,EMP116,PC-1300,Logon
L100986,08/25/2026 00:57:00,EMP116,PC-1300,Logoff
L100987,08/24/2026 17:11:00,EMP117,PC-9910,Logon
L100988,08/25/2026 02:05:00,EMP117,PC-9910,Logoff
L100989,08/24/2026 17:26:00,EMP118,PC-5022,Logon
L100990,08/25/2026 01:40:00,EMP118,PC-5022,Logoff
L100991,08/24/2026 16:27:00,EMP119,PC-3150,Logon
L100992,08/25/2026 00:52:00,EMP119,PC-3150,Logoff
L100993,08/24/2026 16:33:00,EMP120,PC-4120,Logon
L100994,08/25/2026 00:39:00,EMP120,PC-4120,Logoff
L100995,08/24/2026 16:12:00,EMP121,PC-8050,Logon
L100996,08/25/2026 00:30:00,EMP121,PC-8050,Logoff
L100997,08/24/2026 16:29:00,EMP122,PC-6150,Logon
L100998,08/25/2026 01:22:00,EMP122,PC-6150,Logoff
L100999,08/24/2026 17:28:00,EMP123,PC-4190,Logon
L101000,08/25/2026 01:29:00,EMP123,PC-4190,Logoff
L101001,08/24/2026 16:45:00,EMP124,PC-9001,Logon
L101002,08/25/2026 01:31:00,EMP124,PC-9001,Logoff
L101003,08/24/2026 17:32:00,EMP125,PC-9402,Logon
L101004,08/25/2026 02:11:00,EMP125,PC-9402,Logoff
L101005,08/24/2026 16:09:00,EMP126,PC-9945,Logon
L101006,08/25/2026 00:20:00,EMP126,PC-9945,Logoff
L101007,08/24/2026 16:00:00,EMP127,PC-1070,Logon
L101008,08/25/2026 00:39:00,EMP127,PC-1070,Logoff
L101009,08/25/2026 17:29:00,EMP101,PC-1001,Logon
L101010,08/26/2026 01:55:00,EMP101,PC-1001,Logoff
L101011,08/25/2026 16:11:00,AAF0535,PC-2408,Logon
L101012,08/26/2026 00:20:00,AAF0535,PC-2408,Logoff
L101013,08/25/2026 17:05:00,AAM0658,PC-9923,Logon
L101014,08/26/2026 01:08:00,AAM0658,PC-9923,Logoff
L101015,08/25/2026 17:37:00,BBS0039,PC-9436,Logon
L101016,08/26/2026 02:00:00,BBS0039,PC-9436,Logoff
L101017,08/25/2026 16:18:00,EMP102,PC-3012,Logon
L101018,08/26/2026 00:48:00,EMP102,PC-3012,Logoff
L101019,08/25/2026 16:39:00,EMP103,PC-4105,Logon
L101020,08/26/2026 00:42:00,EMP103,PC-4105,Logoff
L101021,08/25/2026 17:38:00,EMP104,PC-1102,Logon
L101022,08/26/2026 02:32:00,EMP104,PC-1102,Logoff
L101023,08/25/2026 17:31:00,EMP105,PC-5001,Logon
L101024,08/26/2026 02:22:00,EMP105,PC-5001,Logoff
L101025,08/25/2026 17:40:00,EMP106,PC-1088,Logon
L101026,08/26/2026 02:30:00,EMP106,PC-1088,Logoff
L101027,08/25/2026 16:00:00,EMP107,PC-6110,Logon
L101028,08/26/2026 00:40:00,EMP107,PC-6110,Logoff
L101029,08/25/2026 17:00:00,EMP108,PC-1044,Logon
L101030,08/26/2026 01:07:00,EMP108,PC-1044,Logoff
L101031,08/25/2026 17:30:00,EMP109,PC-7020,Logon
L101032,08/26/2026 02:21:00,EMP109,PC-7020,Logoff
L101033,08/25/2026 17:29:00,EMP110,PC-8005,Logon
L101034,08/26/2026 02:19:00,EMP110,PC-8005,Logoff
L101035,08/25/2026 16:36:00,EMP111,PC-3099,Logon
L101036,08/26/2026 01:19:00,EMP111,PC-3099,Logoff
L101037,08/25/2026 17:11:00,EMP112,PC-2490,Logon
L101038,08/26/2026 01:49:00,EMP112,PC-2490,Logoff
L101039,08/25/2026 17:15:00,EMP113,PC-7045,Logon
L101040,08/26/2026 01:38:00,EMP113,PC-7045,Logoff
L101041,08/25/2026 16:28:00,EMP114,PC-1250,Logon
L101042,08/26/2026 01:00:00,EMP114,PC-1250,Logoff
L101043,08/25/2026 17:20:00,EMP115,PC-6125,Logon
L101044,08/26/2026 01:29:00,EMP115,PC-6125,Logoff
L101045,08/25/2026 16:00:00,EMP116,PC-1300,Logon
L101046,08/26/2026 00:19:00,EMP116,PC-1300,Logoff
L101047,08/25/2026 17:01:00,EMP117,PC-9910,Logon
L101048,08/26/2026 01:37:00,EMP117,PC-9910,Logoff
L101049,08/25/2026 16:17:00,EMP118,PC-5022,Logon
L101050,08/26/2026 00:26:00,EMP118,PC-5022,Logoff
L101051,08/25/2026 17:35:00,EMP119,PC-3150,Logon
L101052,08/26/2026 01:55:00,EMP119,PC-3150,Logoff
L101053,08/25/2026 17:03:00,EMP120,PC-4120,Logon
L101054,08/26/2026 01:11:00,EMP120,PC-4120,Logoff
L101055,08/25/2026 17:11:00,EMP121,PC-8050,Logon
L101056,08/26/2026 01:56:00,EMP121,PC-8050,Logoff
L101057,08/25/2026 16:29:00,EMP122,PC-6150,Logon
L101058,08/26/2026 01:05:00,EMP122,PC-6150,Logoff
L101059,08/25/2026 17:14:00,EMP123,PC-4190,Logon
L101060,08/26/2026 02:14:00,EMP123,PC-4190,Logoff
L101061,08/25/2026 17:29:00,EMP124,PC-9001,Logon
L101062,08/26/2026 02:00:00,EMP124,PC-9001,Logoff
L101063,08/25/2026 17:22:00,EMP125,PC-9402,Logon
L101064,08/26/2026 02:00:00,EMP125,PC-9402,Logoff
L101065,08/25/2026 17:25:00,EMP126,PC-9945,Logon
L101066,08/26/2026 02:02:00,EMP126,PC-9945,Logoff
L101067,08/25/2026 17:27:00,EMP127,PC-1070,Logon
L101068,08/26/2026 02:03:00,EMP127,PC-1070,Logoff
L101069,08/26/2026 16:37:00,EMP101,PC-1001,Logon
L101070,08/27/2026 01:15:00,EMP101,PC-1001,Logoff
L101071,08/26/2026 17:20:00,AAF0535,PC-2408,Logon
L101072,08/27/2026 01:51:00,AAF0535,PC-2408,Logoff
L101073,08/26/2026 17:34:00,AAM0658,PC-9923,Logon
L101074,08/27/2026 01:52:00,AAM0658,PC-9923,Logoff
L101075,08/26/2026 17:45:00,BBS0039,PC-9436,Logon
L101076,08/27/2026 02:43:00,BBS0039,PC-9436,Logoff
L101077,08/26/2026 16:00:00,EMP102,PC-3012,Logon
L101078,08/27/2026 00:45:00,EMP102,PC-3012,Logoff
L101079,08/26/2026 17:24:00,EMP103,PC-4105,Logon
L101080,08/27/2026 01:51:00,EMP103,PC-4105,Logoff
L101081,08/26/2026 16:08:00,EMP104,PC-1102,Logon
L101082,08/27/2026 00:08:00,EMP104,PC-1102,Logoff
L101083,08/26/2026 16:41:00,EMP105,PC-5001,Logon
L101084,08/27/2026 01:32:00,EMP105,PC-5001,Logoff
L101085,08/26/2026 17:24:00,EMP106,PC-1088,Logon
L101086,08/27/2026 01:46:00,EMP106,PC-1088,Logoff
L101087,08/26/2026 17:26:00,EMP107,PC-6110,Logon
L101088,08/27/2026 02:25:00,EMP107,PC-6110,Logoff
L101089,08/26/2026 16:33:00,EMP108,PC-1044,Logon
L101090,08/27/2026 01:27:00,EMP108,PC-1044,Logoff
L101091,08/26/2026 17:39:00,EMP109,PC-7020,Logon
L101092,08/27/2026 01:42:00,EMP109,PC-7020,Logoff
L101093,08/26/2026 17:18:00,EMP110,PC-8005,Logon
L101094,08/27/2026 01:28:00,EMP110,PC-8005,Logoff
L101095,08/26/2026 16:36:00,EMP111,PC-3099,Logon
L101096,08/27/2026 00:39:00,EMP111,PC-3099,Logoff
L101097,08/26/2026 17:08:00,EMP112,PC-2490,Logon
L101098,08/27/2026 01:47:00,EMP112,PC-2490,Logoff
L101099,08/26/2026 17:23:00,EMP113,PC-7045,Logon
L101100,08/27/2026 02:14:00,EMP113,PC-7045,Logoff
L101101,08/26/2026 17:05:00,EMP114,PC-1250,Logon
L101102,08/27/2026 01:14:00,EMP114,PC-1250,Logoff
L101103,08/26/2026 16:41:00,EMP115,PC-6125,Logon
L101104,08/27/2026 00:57:00,EMP115,PC-6125,Logoff
L101105,08/26/2026 16:24:00,EMP116,PC-1300,Logon
L101106,08/27/2026 01:07:00,EMP116,PC-1300,Logoff
L101107,08/26/2026 16:06:00,EMP117,PC-9910,Logon
L101108,08/27/2026 01:04:00,EMP117,PC-9910,Logoff
L101109,08/26/2026 17:43:00,EMP118,PC-5022,Logon
L101110,08/27/2026 02:30:00,EMP118,PC-5022,Logoff
L101111,08/26/2026 17:35:00,EMP119,PC-3150,Logon
L101112,08/27/2026 01:35:00,EMP119,PC-3150,Logoff
L101113,08/26/2026 17:12:00,EMP120,PC-4120,Logon
L101114,08/27/2026 01:14:00,EMP120,PC-4120,Logoff
L101115,08/26/2026 16:05:00,EMP121,PC-8050,Logon
L101116,08/27/2026 00:59:00,EMP121,PC-8050,Logoff
L101117,08/26/2026 16:40:00,EMP122,PC-6150,Logon
L101118,08/27/2026 01:09:00,EMP122,PC-6150,Logoff
L101119,08/26/2026 17:24:00,EMP123,PC-4190,Logon
L101120,08/27/2026 01:45:00,EMP123,PC-4190,Logoff
L101121,08/26/2026 17:11:00,EMP124,PC-9001,Logon
L101122,08/27/2026 01:52:00,EMP124,PC-9001,Logoff
L101123,08/26/2026 17:06:00,EMP125,PC-9402,Logon
L101124,08/27/2026 01:08:00,EMP125,PC-9402,Logoff
L101125,08/26/2026 16:41:00,EMP126,PC-9945,Logon
L101126,08/27/2026 01:21:00,EMP126,PC-9945,Logoff
L101127,08/26/2026 16:32:00,EMP127,PC-1070,Logon
L101128,08/27/2026 01:17:00,EMP127,PC-1070,Logoff
L101129,08/27/2026 16:36:00,EMP101,PC-1001,Logon
L101130,08/28/2026 01:10:00,EMP101,PC-1001,Logoff
L101131,08/27/2026 17:05:00,AAF0535,PC-2408,Logon
L101132,08/28/2026 01:58:00,AAF0535,PC-2408,Logoff
L101133,08/27/2026 17:44:00,AAM0658,PC-9923,Logon
L101134,08/28/2026 02:08:00,AAM0658,PC-9923,Logoff
L101135,08/27/2026 16:02:00,BBS0039,PC-9436,Logon
L101136,08/28/2026 00:14:00,BBS0039,PC-9436,Logoff
L101137,08/27/2026 17:31:00,EMP102,PC-3012,Logon
L101138,08/28/2026 02:05:00,EMP102,PC-3012,Logoff
L101139,08/27/2026 17:43:00,EMP103,PC-4105,Logon
L101140,08/28/2026 02:38:00,EMP103,PC-4105,Logoff
L101141,08/27/2026 16:44:00,EMP104,PC-1102,Logon
L101142,08/28/2026 01:25:00,EMP104,PC-1102,Logoff
L101143,08/27/2026 16:06:00,EMP105,PC-5001,Logon
L101144,08/28/2026 00:13:00,EMP105,PC-5001,Logoff
L101145,08/27/2026 16:20:00,EMP106,PC-1088,Logon
L101146,08/28/2026 01:13:00,EMP106,PC-1088,Logoff
L101147,08/27/2026 17:10:00,EMP107,PC-6110,Logon
L101148,08/28/2026 01:54:00,EMP107,PC-6110,Logoff
L101149,08/27/2026 16:01:00,EMP108,PC-1044,Logon
L101150,08/28/2026 00:57:00,EMP108,PC-1044,Logoff
L101151,08/27/2026 17:44:00,EMP109,PC-7020,Logon
L101152,08/28/2026 02:35:00,EMP109,PC-7020,Logoff
L101153,08/27/2026 16:39:00,EMP110,PC-8005,Logon
L101154,08/28/2026 01:23:00,EMP110,PC-8005,Logoff
L101155,08/27/2026 17:26:00,EMP111,PC-3099,Logon
L101156,08/28/2026 01:26:00,EMP111,PC-3099,Logoff
L101157,08/27/2026 17:03:00,EMP112,PC-2490,Logon
L101158,08/28/2026 01:15:00,EMP112,PC-2490,Logoff
L101159,08/27/2026 16:41:00,EMP113,PC-7045,Logon
L101160,08/28/2026 01:04:00,EMP113,PC-7045,Logoff
L101161,08/27/2026 16:10:00,EMP114,PC-1250,Logon
L101162,08/28/2026 01:00:00,EMP114,PC-1250,Logoff
L101163,08/27/2026 17:12:00,EMP115,PC-6125,Logon
L101164,08/28/2026 01:59:00,EMP115,PC-6125,Logoff
L101165,08/27/2026 16:30:00,EMP116,PC-1300,Logon
L101166,08/28/2026 01:07:00,EMP116,PC-1300,Logoff
L101167,08/27/2026 17:12:00,EMP117,PC-9910,Logon
L101168,08/28/2026 01:52:00,EMP117,PC-9910,Logoff
L101169,08/27/2026 16:29:00,EMP118,PC-5022,Logon
L101170,08/28/2026 00:58:00,EMP118,PC-5022,Logoff
L101171,08/27/2026 16:05:00,EMP119,PC-3150,Logon
L101172,08/28/2026 00:31:00,EMP119,PC-3150,Logoff
L101173,08/27/2026 17:37:00,EMP120,PC-4120,Logon
L101174,08/28/2026 01:51:00,EMP120,PC-4120,Logoff
L101175,08/27/2026 17:30:00,EMP121,PC-8050,Logon
L101176,08/28/2026 02:21:00,EMP121,PC-8050,Logoff
L101177,08/27/2026 17:15:00,EMP122,PC-6150,Logon
L101178,08/28/2026 01:56:00,EMP122,PC-6150,Logoff
L101179,08/27/2026 17:29:00,EMP123,PC-4190,Logon
L101180,08/28/2026 02:18:00,EMP123,PC-4190,Logoff
L101181,08/27/2026 16:24:00,EMP124,PC-9001,Logon
L101182,08/28/2026 01:21:00,EMP124,PC-9001,Logoff
L101183,08/27/2026 16:39:00,EMP125,PC-9402,Logon
L101184,08/28/2026 01:35:00,EMP125,PC-9402,Logoff
L101185,08/27/2026 16:23:00,EMP126,PC-9945,Logon
L101186,08/28/2026 00:46:00,EMP126,PC-9945,Logoff
L101187,08/27/2026 16:34:00,EMP127,PC-1070,Logon
L101188,08/28/2026 00:41:00,EMP127,PC-1070,Logoff
L101189,08/28/2026 17:17:00,EMP101,PC-1001,Logon
L101190,08/29/2026 01:20:00,EMP101,PC-1001,Logoff
L101191,08/28/2026 17:45:00,AAF0535,PC-2408,Logon
L101192,08/29/2026 02:19:00,AAF0535,PC-2408,Logoff
L101193,08/28/2026 17:11:00,AAM0658,PC-9923,Logon
L101194,08/29/2026 01:29:00,AAM0658,PC-9923,Logoff
L101195,08/28/2026 16:18:00,BBS0039,PC-9436,Logon
L101196,08/29/2026 00:44:00,BBS0039,PC-9436,Logoff
L101197,08/28/2026 16:14:00,EMP102,PC-3012,Logon
L101198,08/29/2026 01:07:00,EMP102,PC-3012,Logoff
L101199,08/28/2026 17:29:00,EMP103,PC-4105,Logon
L101200,08/29/2026 01:48:00,EMP103,PC-4105,Logoff
L101201,08/28/2026 17:10:00,EMP104,PC-1102,Logon
L101202,08/29/2026 01:49:00,EMP104,PC-1102,Logoff
L101203,08/28/2026 16:02:00,EMP105,PC-5001,Logon
L101204,08/29/2026 00:22:00,EMP105,PC-5001,Logoff
L101205,08/28/2026 17:28:00,EMP106,PC-1088,Logon
L101206,08/29/2026 02:02:00,EMP106,PC-1088,Logoff
L101207,08/28/2026 17:20:00,EMP107,PC-6110,Logon
L101208,08/29/2026 01:29:00,EMP107,PC-6110,Logoff
L101209,08/28/2026 16:36:00,EMP108,PC-1044,Logon
L101210,08/29/2026 01:22:00,EMP108,PC-1044,Logoff
L101211,08/28/2026 16:25:00,EMP109,PC-7020,Logon
L101212,08/29/2026 01:04:00,EMP109,PC-7020,Logoff
L101213,08/28/2026 16:17:00,EMP110,PC-8005,Logon
L101214,08/29/2026 00:29:00,EMP110,PC-8005,Logoff
L101215,08/28/2026 17:20:00,EMP111,PC-3099,Logon
L101216,08/29/2026 01:58:00,EMP111,PC-3099,Logoff
L101217,08/28/2026 17:22:00,EMP112,PC-2490,Logon
L101218,08/29/2026 01:44:00,EMP112,PC-2490,Logoff
L101219,08/28/2026 17:26:00,EMP113,PC-7045,Logon
L101220,08/29/2026 01:34:00,EMP113,PC-7045,Logoff
L101221,08/28/2026 16:00:00,EMP114,PC-1250,Logon
L101222,08/29/2026 00:26:00,EMP114,PC-1250,Logoff
L101223,08/28/2026 17:35:00,EMP115,PC-6125,Logon
L101224,08/29/2026 02:06:00,EMP115,PC-6125,Logoff
L101225,08/28/2026 16:09:00,EMP116,PC-1300,Logon
L101226,08/29/2026 00:25:00,EMP116,PC-1300,Logoff
L101227,08/28/2026 16:01:00,EMP117,PC-9910,Logon
L101228,08/29/2026 00:08:00,EMP117,PC-9910,Logoff
L101229,08/28/2026 17:44:00,EMP118,PC-5022,Logon
L101230,08/29/2026 02:36:00,EMP118,PC-5022,Logoff
L101231,08/28/2026 16:20:00,EMP119,PC-3150,Logon
L101232,08/29/2026 00:49:00,EMP119,PC-3150,Logoff
L101233,08/28/2026 16:32:00,EMP120,PC-4120,Logon
L101234,08/29/2026 00:44:00,EMP120,PC-4120,Logoff
L101235,08/28/2026 16:34:00,EMP121,PC-8050,Logon
L101236,08/29/2026 01:11:00,EMP121,PC-8050,Logoff
L101237,08/28/2026 16:13:00,EMP122,PC-6150,Logon
L101238,08/29/2026 00:22:00,EMP122,PC-6150,Logoff
L101239,08/28/2026 16:07:00,EMP123,PC-4190,Logon
L101240,08/29/2026 00:59:00,EMP123,PC-4190,Logoff
L101241,08/28/2026 17:11:00,EMP124,PC-9001,Logon
L101242,08/29/2026 01:56:00,EMP124,PC-9001,Logoff
L101243,08/28/2026 16:08:00,EMP125,PC-9402,Logon
L101244,08/29/2026 00:13:00,EMP125,PC-9402,Logoff
L101245,08/28/2026 16:30:00,EMP126,PC-9945,Logon
L101246,08/29/2026 00:37:00,EMP126,PC-9945,Logoff
L101247,08/28/2026 16:42:00,EMP127,PC-1070,Logon
L101248,08/29/2026 01:04:00,EMP127,PC-1070,Logoff
L101249,08/29/2026 22:26:00,EMP102,PC-3012,Logon
L101250,08/29/2026 23:23:00,EMP102,PC-3012,Logoff
L101251,08/29/2026 22:23:00,EMP109,PC-7020,Logon
L101252,08/29/2026 22:49:00,EMP109,PC-7020,Logoff
L101253,08/30/2026 17:15:00,AAF0535,PC-2408,Logon
L101254,08/31/2026 01:45:00,AAF0535,PC-2408,Logoff
L101255,08/31/2026 06:15:00,BBS0039,PC-9436,Logon_Failure
L101256,08/31/2026 06:17:00,BBS0039,PC-9436,Logon_Failure
L101257,08/31/2026 06:19:00,BBS0039,PC-9436,Logon_Failure
L101258,08/31/2026 06:23:00,BBS0039,PC-9436,Logon
L101259,08/31/2026 07:50:00,BBS0039,PC-9436,Logoff
L101260,08/30/2026 22:26:00,EMP108,PC-1044,Logon
L101261,08/30/2026 23:16:00,EMP108,PC-1044,Logoff
L101262,08/30/2026 22:21:00,EMP111,PC-3099,Logon
L101263,08/30/2026 23:12:00,EMP111,PC-3099,Logoff
L101264,08/31/2026 16:27:00,EMP101,PC-1001,Logon
L101265,09/01/2026 01:13:00,EMP101,PC-1001,Logoff
L101266,08/31/2026 17:15:00,AAF0535,PC-2408,Logon
L101267,09/01/2026 01:45:00,AAF0535,PC-2408,Logoff
L101268,08/31/2026 17:31:00,AAM0658,PC-9923,Logon
L101269,09/01/2026 02:02:00,AAM0658,PC-9923,Logoff
L101270,09/01/2026 06:15:00,BBS0039,PC-9436,Logon_Failure
L101271,09/01/2026 06:17:00,BBS0039,PC-9436,Logon_Failure
L101272,09/01/2026 06:19:00,BBS0039,PC-9436,Logon_Failure
L101273,09/01/2026 06:23:00,BBS0039,PC-9436,Logon
L101274,09/01/2026 07:50:00,BBS0039,PC-9436,Logoff
L101275,08/31/2026 16:19:00,EMP102,PC-3012,Logon
L101276,09/01/2026 00:58:00,EMP102,PC-3012,Logoff
L101277,08/31/2026 17:34:00,EMP103,PC-4105,Logon
L101278,09/01/2026 01:55:00,EMP103,PC-4105,Logoff
L101279,08/31/2026 16:11:00,EMP104,PC-1102,Logon
L101280,09/01/2026 00:46:00,EMP104,PC-1102,Logoff
L101281,08/31/2026 17:42:00,EMP105,PC-5001,Logon
L101282,09/01/2026 02:17:00,EMP105,PC-5001,Logoff
L101283,08/31/2026 17:18:00,EMP106,PC-1088,Logon
L101284,09/01/2026 01:38:00,EMP106,PC-1088,Logoff
L101285,08/31/2026 17:24:00,EMP107,PC-6110,Logon
L101286,09/01/2026 01:30:00,EMP107,PC-6110,Logoff
L101287,08/31/2026 16:44:00,EMP108,PC-1044,Logon
L101288,09/01/2026 00:48:00,EMP108,PC-1044,Logoff
L101289,08/31/2026 17:17:00,EMP109,PC-7020,Logon
L101290,09/01/2026 01:18:00,EMP109,PC-7020,Logoff
L101291,08/31/2026 16:44:00,EMP110,PC-8005,Logon
L101292,09/01/2026 01:27:00,EMP110,PC-8005,Logoff
L101293,08/31/2026 17:27:00,EMP111,PC-3099,Logon
L101294,09/01/2026 01:39:00,EMP111,PC-3099,Logoff
L101295,08/31/2026 16:39:00,EMP112,PC-2490,Logon
L101296,09/01/2026 01:26:00,EMP112,PC-2490,Logoff
L101297,08/31/2026 17:27:00,EMP113,PC-7045,Logon
L101298,09/01/2026 01:40:00,EMP113,PC-7045,Logoff
L101299,08/31/2026 17:25:00,EMP114,PC-1250,Logon
L101300,09/01/2026 01:41:00,EMP114,PC-1250,Logoff
L101301,08/31/2026 16:42:00,EMP115,PC-6125,Logon
L101302,09/01/2026 01:34:00,EMP115,PC-6125,Logoff
L101303,08/31/2026 17:29:00,EMP116,PC-1300,Logon
L101304,09/01/2026 01:38:00,EMP116,PC-1300,Logoff
L101305,08/31/2026 16:26:00,EMP117,PC-9910,Logon
L101306,09/01/2026 00:43:00,EMP117,PC-9910,Logoff
L101307,08/31/2026 16:01:00,EMP118,PC-5022,Logon
L101308,09/01/2026 00:16:00,EMP118,PC-5022,Logoff
L101309,08/31/2026 16:01:00,EMP119,PC-3150,Logon
L101310,09/01/2026 00:17:00,EMP119,PC-3150,Logoff
L101311,08/31/2026 17:38:00,EMP120,PC-4120,Logon
L101312,09/01/2026 01:57:00,EMP120,PC-4120,Logoff
L101313,08/31/2026 16:07:00,EMP121,PC-8050,Logon
L101314,09/01/2026 00:43:00,EMP121,PC-8050,Logoff
L101315,08/31/2026 17:21:00,EMP122,PC-6150,Logon
L101316,09/01/2026 02:14:00,EMP122,PC-6150,Logoff
L101317,08/31/2026 17:26:00,EMP123,PC-4190,Logon
L101318,09/01/2026 01:42:00,EMP123,PC-4190,Logoff
L101319,08/31/2026 17:09:00,EMP124,PC-9001,Logon
L101320,09/01/2026 01:32:00,EMP124,PC-9001,Logoff
L101321,08/31/2026 17:35:00,EMP125,PC-9402,Logon
L101322,09/01/2026 01:59:00,EMP125,PC-9402,Logoff
L101323,08/31/2026 17:16:00,EMP126,PC-9945,Logon
L101324,09/01/2026 01:35:00,EMP126,PC-9945,Logoff
L101325,08/31/2026 17:02:00,EMP127,PC-1070,Logon
L101326,09/01/2026 01:19:00,EMP127,PC-1070,Logoff
L101327,09/01/2026 16:44:00,EMP101,PC-1001,Logon
L101328,09/02/2026 01:00:00,EMP101,PC-1001,Logoff
L101329,09/01/2026 17:15:00,AAF0535,PC-2408,Logon
L101330,09/02/2026 01:45:00,AAF0535,PC-2408,Logoff
L101331,09/01/2026 09:34:00,AAM0658,PC-9923,Logon
L101332,09/01/2026 10:02:00,AAM0658,PC-9923,Logoff
L101333,09/02/2026 06:15:00,BBS0039,PC-9436,Logon_Failure
L101334,09/02/2026 06:17:00,BBS0039,PC-9436,Logon_Failure
L101335,09/02/2026 06:19:00,BBS0039,PC-9436,Logon_Failure
L101336,09/02/2026 06:23:00,BBS0039,PC-9436,Logon
L101337,09/02/2026 07:50:00,BBS0039,PC-9436,Logoff
L101338,09/01/2026 16:10:00,EMP102,PC-3012,Logon
L101339,09/02/2026 00:25:00,EMP102,PC-3012,Logoff
L101340,09/01/2026 17:11:00,EMP103,PC-4105,Logon
L101341,09/02/2026 01:54:00,EMP103,PC-4105,Logoff
L101342,09/01/2026 16:35:00,EMP104,PC-1102,Logon
L101343,09/02/2026 01:16:00,EMP104,PC-1102,Logoff
L101344,09/01/2026 17:09:00,EMP105,PC-5001,Logon
L101345,09/02/2026 01:14:00,EMP105,PC-5001,Logoff
L101346,09/01/2026 16:14:00,EMP106,PC-1088,Logon
L101347,09/02/2026 00:59:00,EMP106,PC-1088,Logoff
L101348,09/01/2026 16:38:00,EMP107,PC-6110,Logon
L101349,09/02/2026 00:51:00,EMP107,PC-6110,Logoff
L101350,09/01/2026 16:39:00,EMP108,PC-1044,Logon
L101351,09/02/2026 01:07:00,EMP108,PC-1044,Logoff
L101352,09/01/2026 16:20:00,EMP109,PC-7020,Logon
L101353,09/02/2026 01:04:00,EMP109,PC-7020,Logoff
L101354,09/01/2026 16:03:00,EMP110,PC-8005,Logon
L101355,09/02/2026 00:24:00,EMP110,PC-8005,Logoff
L101356,09/01/2026 17:19:00,EMP111,PC-3099,Logon
L101357,09/02/2026 01:44:00,EMP111,PC-3099,Logoff
L101358,09/01/2026 17:08:00,EMP112,PC-2490,Logon
L101359,09/02/2026 01:13:00,EMP112,PC-2490,Logoff
L101360,09/01/2026 17:23:00,EMP113,PC-7045,Logon
L101361,09/02/2026 02:22:00,EMP113,PC-7045,Logoff
L101362,09/01/2026 16:35:00,EMP114,PC-1250,Logon
L101363,09/02/2026 01:29:00,EMP114,PC-1250,Logoff
L101364,09/01/2026 17:27:00,EMP115,PC-6125,Logon
L101365,09/02/2026 01:34:00,EMP115,PC-6125,Logoff
L101366,09/01/2026 16:22:00,EMP116,PC-1300,Logon
L101367,09/02/2026 00:27:00,EMP116,PC-1300,Logoff
L101368,09/01/2026 16:33:00,EMP117,PC-9910,Logon
L101369,09/02/2026 01:22:00,EMP117,PC-9910,Logoff
L101370,09/01/2026 17:23:00,EMP118,PC-5022,Logon
L101371,09/02/2026 02:00:00,EMP118,PC-5022,Logoff
L101372,09/01/2026 16:21:00,EMP119,PC-3150,Logon
L101373,09/02/2026 00:23:00,EMP119,PC-3150,Logoff
L101374,09/01/2026 16:35:00,EMP120,PC-4120,Logon
L101375,09/02/2026 01:35:00,EMP120,PC-4120,Logoff
L101376,09/01/2026 17:18:00,EMP121,PC-8050,Logon
L101377,09/02/2026 01:59:00,EMP121,PC-8050,Logoff
L101378,09/01/2026 17:32:00,EMP122,PC-6150,Logon
L101379,09/02/2026 01:44:00,EMP122,PC-6150,Logoff
L101380,09/01/2026 17:39:00,EMP123,PC-4190,Logon
L101381,09/02/2026 01:50:00,EMP123,PC-4190,Logoff
L101382,09/01/2026 17:33:00,EMP124,PC-9001,Logon
L101383,09/02/2026 02:13:00,EMP124,PC-9001,Logoff
L101384,09/01/2026 16:33:00,EMP125,PC-9402,Logon
L101385,09/02/2026 01:00:00,EMP125,PC-9402,Logoff
L101386,09/01/2026 16:29:00,EMP126,PC-9945,Logon
L101387,09/02/2026 01:11:00,EMP126,PC-9945,Logoff
L101388,09/01/2026 17:02:00,EMP127,PC-1070,Logon
L101389,09/02/2026 01:07:00,EMP127,PC-1070,Logoff
