user_id,event,date
ZSP3745,performance_review,2026-01-05
DRV9684,performance_review,2026-01-06
LTN9063,performance_review,2026-01-06
LXN8835,performance_review,2026-01-06
YZD2818,performance_review,2026-01-06
JLN5393,performance_review,2026-01-07
PJA2498,performance_review,2026-01-07
UZF0135,performance_review,2026-01-07
WMF0666,performance_review,2026-01-07
GKB5174,performance_review,2026-01-08
PXF1684,performance_review,2026-01-08
XDY0096,performance_review,2026-01-08
FBZ1173,performance_review,2026-01-09
LXG5367,performance_review,2026-01-09
SKT4546,performance_review,2026-01-11
YLW8258,performance_review,2026-01-11
BEM7786,performance_review,2026-01-12
EBC4994,performance_review,2026-01-13
KKW9426,performance_review,2026-01-13
FYW9481,performance_review,2026-01-14
TDZ7818,performance_review,2026-01-14
MNL3521,performance_review,2026-01-15
SZK8704,performance_review,2026-01-16
CFK9105,performance_review,2026-01-17
LML9355,performance_review,2026-01-17
SQU9903,performance_review,2026-01-17
TRG3333,performance_review,2026-01-17
ZHY2106,performance_review,2026-01-18
FSG4772,performance_review,2026-01-20
HTM0498,performance_review,2026-01-20
SHS0097,performance_review,2026-01-20
XYM2687,performance_review,2026-01-20
ETJ1562,performance_review,2026-01-21
RDH0031,performance_review,2026-01-21
DUJ3384,performance_review,2026-01-22
CNY0484,performance_review,2026-01-23
DHG3808,performance_review,2026-01-23
EDT4917,performance_review,2026-01-23
JVN9713,performance_review,2026-01-23
TSB0198,performance_review,2026-01-23
UCW5515,performance_review,2026-01-23
WEP3010,performance_review,2026-01-24
FFK3907,performance_review,2026-01-25
GGZ2556,performance_review,2026-01-25
PHM0513,performance_review,2026-01-25
SNY9928,performance_review,2026-01-25
VKE4599,performance_review,2026-01-25
YXP0912,performance_review,2026-01-25
KAQ4260,performance_review,2026-01-26
RZH8934,performance_review,2026-01-26
ZFA0404,performance_review,2026-01-26
BBY7672,performance_review,2026-01-27
DDD2744,performance_review,2026-01-27
DRJ2995,performance_review,2026-01-27
QRG1638,performance_review,2026-01-28
EPE6804,performance_review,2026-01-29
EZS7293,performance_review,2026-01-29
FVG6519,performance_review,2026-01-29
YEA8551,performance_review,2026-01-29
HZY8923,performance_review,2026-01-30
KXD0078,performance_review,2026-01-31
XZE2186,performance_review,2026-01-31
ZEU3356,performance_review,2026-02-01
FVX0860,performance_review,2026-02-02
RUH8404,performance_review,2026-02-02
UGN5077,performance_review,2026-02-03
JAW8019,performance_review,2026-02-04
TLW1083,performance_review,2026-02-04
KQZ1852,performance_review,2026-02-05
NZS3709,performance_review,2026-02-05
WPC3142,performance_review,2026-02-05
WYQ0257,performance_review,2026-02-05
XRQ5503,performance_review,2026-02-08
DBL8711,performance_review,2026-02-09
EKA8131,performance_review,2026-02-09
WRH3845,performance_review,2026-02-09
LUW6194,performance_review,2026-02-10
RQA6801,performance_review,2026-02-10
XYT8632,performance_review,2026-02-11
KHQ4432,performance_review,2026-02-12
FYW5995,performance_review,2026-02-13
JRM5199,performance_review,2026-02-13
LSM9484,performance_review,2026-02-13
DFV4967,performance_review,2026-02-15
FZE5041,performance_review,2026-02-15
RGK6603,performance_review,2026-02-15
ZAT8680,performance_review,2026-02-15
GNL3436,performance_review,2026-02-16
KMJ6011,performance_review,2026-02-16
UYN3931,performance_review,2026-02-16
QDT9172,performance_review,2026-02-17
BLE1166,performance_review,2026-02-19
RZU1592,role_change,2026-02-19
VXV7234,performance_review,2026-02-19
KTW8603,performance_review,2026-02-20
JHS3839,performance_review,2026-02-21
DDZ9005,performance_review,2026-02-22
GRQ2954,performance_review,2026-02-22
JWD6444,performance_review,2026-02-22
WWV0479,performance_review,2026-02-22
ADV1511,performance_review,2026-02-23
DGW0370,performance_review,2026-02-23
FAQ1887,performance_review,2026-02-23
PRU1120,performance_review,2026-02-23
QCJ6394,performance_review,2026-02-23
DKY8909,role_change,2026-02-24
DQL0828,performance_review,2026-02-24
UCW7537,performance_review,2026-02-25
YEV3418,performance_review,2026-02-25
FPK2167,performance_review,2026-02-26
LEQ0221,performance_review,2026-02-26
BPW6998,performance_review,2026-02-27
SLU6811,performance_review,2026-02-27
YWJ4356,performance_review,2026-02-27
QTV5992,performance_review,2026-02-28
SCV7784,performance_review,2026-02-28
RNL9984,performance_review,2026-03-01
XHS6584,performance_review,2026-03-01
BKG3081,performance_review,2026-03-02
HHT2257,performance_review,2026-03-02
KFM9718,performance_review,2026-03-02
UJH4817,performance_review,2026-03-02
AFK9429,performance_review,2026-03-03
TQG3186,performance_review,2026-03-03
ZZA4587,role_change,2026-03-03
XVL5101,performance_review,2026-03-04
FVL4917,performance_review,2026-03-05
FYG5704,performance_review,2026-03-05
NNQ2778,performance_review,2026-03-05
QGX1659,performance_review,2026-03-05
GEP1888,performance_review,2026-03-06
BDJ0886,performance_review,2026-03-07
LMG0501,performance_review,2026-03-07
TBB1123,performance_review,2026-03-07
CQN3399,performance_review,2026-03-08
JKK8889,performance_review,2026-03-09
KHX2969,resignation_notice,2026-03-09
WZE9326,resignation_notice,2026-03-09
VZM3725,performance_review,2026-03-10
ZXZ4586,resignation_notice,2026-03-10
EFS6320,performance_review,2026-03-11
SLC9182,performance_review,2026-03-11
LQN7970,performance_review,2026-03-12
JCT2106,performance_review,2026-03-13
PBG2200,role_change,2026-03-13
PKG2686,performance_review,2026-03-14
SZU0525,role_change,2026-03-14
FYX5955,performance_review,2026-03-15
WLX3952,performance_review,2026-03-16
DQZ4406,role_change,2026-03-17
KMY8772,performance_review,2026-03-17
PFG1051,performance_review,2026-03-17
BJJ9883,performance_review,2026-03-18
EVA6243,performance_review,2026-03-18
LPM3257,performance_review,2026-03-18
RZR1761,role_change,2026-03-18
THH6830,performance_review,2026-03-18
WUN4947,performance_review,2026-03-18
UWT0424,performance_review,2026-03-19
TBZ5694,performance_review,2026-03-20
URE3093,performance_review,2026-03-20
WFK1303,performance_review,2026-03-20
TFM2868,performance_review,2026-03-21
AGD8568,performance_review,2026-03-23
GCA3290,performance_review,2026-03-23
LCB1568,role_change,2026-03-23
XNS3801,performance_review,2026-03-24
AHW0731,performance_review,2026-03-25
MPR8653,resignation_notice,2026-03-25
VJS9473,role_change,2026-03-25
WBU4426,performance_review,2026-03-25
ZPS7623,performance_review,2026-03-25
GYP1903,performance_review,2026-03-26
JVJ0517,performance_review,2026-03-26
CHZ0215,performance_review,2026-03-27
KDX8366,role_change,2026-03-27
AAA0409,performance_review,2026-03-28
DHT9626,performance_review,2026-03-28
SCA9486,performance_review,2026-03-28
ZVF2710,performance_review,2026-03-28
CNY0484,role_change,2026-03-29
FLJ4544,performance_review,2026-03-29
HLA2435,performance_review,2026-03-29
LAB2540,performance_review,2026-03-29
EXR0869,performance_review,2026-03-30
TJP4948,performance_review,2026-03-30
JRG9460,performance_review,2026-03-31
LHL1358,performance_review,2026-03-31
URQ0978,performance_review,2026-03-31
AFL5958,performance_review,2026-04-02
GWF6569,performance_review,2026-04-02
HLZ1544,performance_review,2026-04-02
SPA9874,performance_review,2026-04-02
NAF6431,role_change,2026-04-03
RLF5434,role_change,2026-04-03
SYH1622,performance_review,2026-04-03
TEZ5652,performance_review,2026-04-03
YFC6168,performance_review,2026-04-03
MQK7676,performance_review,2026-04-04
NJA9445,performance_review,2026-04-05
LJF1648,role_change,2026-04-06
RUZ2026,performance_review,2026-04-06
DUZ1265,performance_review,2026-04-07
LWK9207,role_change,2026-04-07
BRD9424,performance_review,2026-04-08
LZD5274,performance_review,2026-04-08
YHC8602,performance_review,2026-04-08
CYF6152,performance_review,2026-04-09
EHJ5183,performance_review,2026-04-09
ZYZ3045,role_change,2026-04-09
KDJ0200,performance_review,2026-04-10
XNB5488,role_change,2026-04-10
ZVB8376,performance_review,2026-04-10
QWV1502,role_change,2026-04-11
VMF3722,performance_review,2026-04-11
XLD3365,performance_review,2026-04-11
HQY0328,role_change,2026-04-12
JGK6296,performance_review,2026-04-12
SXZ6117,performance_review,2026-04-12
FTC7060,performance_review,2026-04-13
WFZ8385,role_change,2026-04-13
NVR3124,performance_review,2026-04-14
KRQ7567,performance_review,2026-04-15
LBU3936,performance_review,2026-04-15
YUW0130,performance_review,2026-04-15
FUP1453,performance_review,2026-04-16
MED2542,performance_review,2026-04-16
PLP3673,performance_review,2026-04-16
PZS1941,performance_review,2026-04-16
RVY6685,performance_review,2026-04-16
ZPM1121,role_change,2026-04-16
ELX7360,performance_review,2026-04-17
FKX1002,resignation_notice,2026-04-18
FTB2147,performance_review,2026-04-18
HKM6541,performance_review,2026-04-18
PMV7499,performance_review,2026-04-18
THA0831,role_change,2026-04-18
WQC7071,performance_review,2026-04-18
CEL7303,performance_review,2026-04-19
QZQ7908,performance_review,2026-04-19
KAQ4260,resignation_notice,2026-04-20
MBL1790,performance_review,2026-04-20
SPC4371,performance_review,2026-04-20
WSN8487,role_change,2026-04-20
KCA1959,performance_review,2026-04-21
ZDB4042,performance_review,2026-04-21
NFL7939,performance_review,2026-04-22
VGP5643,performance_review,2026-04-22
MVX7320,performance_review,2026-04-23
RBC5531,performance_review,2026-04-23
YZZ7371,performance_review,2026-04-23
ABK1532,performance_review,2026-04-24
JUX6921,performance_review,2026-04-24
QJR8672,performance_review,2026-04-24
BKQ9760,performance_review,2026-04-25
CTX8615,performance_review,2026-04-25
MBR7933,performance_review,2026-04-25
PJC3330,performance_review,2026-04-25
PZP2817,performance_review,2026-04-25
RTK6170,role_change,2026-04-25
JFW4707,performance_review,2026-04-26
MSJ4788,performance_review,2026-04-26
MUX6778,role_change,2026-04-26
EEL8338,role_change,2026-04-27
EJK9290,resignation_notice,2026-04-27
GPU2972,performance_review,2026-04-27
LCD0888,performance_review,2026-04-27
NFG5180,role_change,2026-04-27
PYP8182,performance_review,2026-04-27
UZH3465,performance_review,2026-04-27
XTB8409,performance_review,2026-04-27
YSX2928,resignation_notice,2026-04-27
FQZ0453,performance_review,2026-04-28
RQV1932,performance_review,2026-04-28
VHE3897,performance_review,2026-04-28
MJD5091,performance_review,2026-04-29
WZD7435,role_change,2026-04-29
YDU0477,performance_review,2026-04-29
YQJ4344,performance_review,2026-04-29
DZG9817,performance_review,2026-04-30
JKQ9983,role_change,2026-04-30
VNT8293,performance_review,2026-04-30
ZYS0684,performance_review,2026-04-30
PBD5101,performance_review,2026-05-01
QXA0717,performance_review,2026-05-01
UNN4361,performance_review,2026-05-01
DRJ4735,performance_review,2026-05-03
LBZ7347,role_change,2026-05-03
TNW8789,performance_review,2026-05-03
HBB3944,performance_review,2026-05-04
PLX1977,performance_review,2026-05-05
QBT1738,performance_review,2026-05-05
URV9227,role_change,2026-05-05
HQL2235,performance_review,2026-05-06
LBX7990,performance_review,2026-05-06
FWS7950,performance_review,2026-05-07
PFV1079,performance_review,2026-05-07
QCX9814,performance_review,2026-05-07
MUT3554,performance_review,2026-05-08
UWT0424,role_change,2026-05-08
WQH4606,performance_review,2026-05-08
CRP1610,performance_review,2026-05-09
LCU2967,performance_review,2026-05-09
TDL5657,performance_review,2026-05-09
CPS9069,resignation_notice,2026-05-10
GKB5174,role_change,2026-05-10
HNV3692,role_change,2026-05-10
KFG0382,performance_review,2026-05-10
MJM7888,performance_review,2026-05-10
PCH7421,role_change,2026-05-10
RZM7542,performance_review,2026-05-10
ATN8458,performance_review,2026-05-11
FGU4691,performance_review,2026-05-11
HEP6887,performance_review,2026-05-11
JNF8252,performance_review,2026-05-11
AWD6308,performance_review,2026-05-13
GTS1980,performance_review,2026-05-13
TVQ3558,performance_review,2026-05-13
QFJ3194,resignation_notice,2026-05-15
WYG9423,performance_review,2026-05-15
BMC8908,performance_review,2026-05-16
VFK7595,performance_review,2026-05-16
VZP1732,performance_review,2026-05-16
WLN4398,performance_review,2026-05-16
EHN6896,performance_review,2026-05-17
JBQ2200,performance_review,2026-05-17
SXN1549,role_change,2026-05-17
UHB1648,resignation_notice,2026-05-17
FRM0180,performance_review,2026-05-18
LQL0537,performance_review,2026-05-18
BZC7950,performance_review,2026-05-20
FGK0491,role_change,2026-05-20
MDW8277,performance_review,2026-05-20
XAA1174,performance_review,2026-05-20
ZHB5881,performance_review,2026-05-20
KCF6129,performance_review,2026-05-21
LGB8139,role_change,2026-05-21
UKD6455,performance_review,2026-05-22
WPP7340,role_change,2026-05-23
KNZ9610,performance_review,2026-05-24
CBK5478,performance_review,2026-05-26
CCK9983,performance_review,2026-05-26
SQE3562,resignation_notice,2026-05-26
KLP0024,performance_review,2026-05-27
SZP9194,performance_review,2026-05-27
JQB4720,performance_review,2026-05-28
MCC9628,performance_review,2026-05-28
NFM9393,performance_review,2026-05-28
RYG9568,performance_review,2026-05-28
EYU6957,performance_review,2026-05-29
KGW8827,performance_review,2026-05-29
KWA2081,performance_review,2026-05-29
SEA8756,performance_review,2026-05-29
SJW7363,performance_review,2026-05-29
XFS4277,performance_review,2026-05-29
ARA7680,performance_review,2026-05-30
GMU4984,performance_review,2026-05-30
KZU0595,performance_review,2026-05-30
QCJ4335,performance_review,2026-05-30
NCU7789,performance_review,2026-05-31
NQZ4801,performance_review,2026-06-01
VPM8632,performance_review,2026-06-01
TES3512,performance_review,2026-06-02
WLT1936,performance_review,2026-06-02
GTR6357,performance_review,2026-06-03
UMD2487,performance_review,2026-06-03
RGW3617,performance_review,2026-06-04
FGU4691,role_change,2026-06-05
NRK0173,performance_review,2026-06-05
UDC1036,role_change,2026-06-07
UDC1036,performance_review,2026-06-07
EUG9459,performance_review,2026-06-08
HZX9435,performance_review,2026-06-08
RAT3363,performance_review,2026-06-08
FQR7082,performance_review,2026-06-09
HEP4992,performance_review,2026-06-09
HLG5262,performance_review,2026-06-09
WYR6092,performance_review,2026-06-10
BMC3336,performance_review,2026-06-11
BNC0564,performance_review,2026-06-11
QPJ2223,performance_review,2026-06-11
YWJ6443,resignation_notice,2026-06-11
BTT9251,performance_review,2026-06-12
KAB4578,performance_review,2026-06-12
KRB4673,role_change,2026-06-12
LXZ8609,role_change,2026-06-12
LBL5506,performance_review,2026-06-13
RLV4764,performance_review,2026-06-13
WPP7340,performance_review,2026-06-13
FPS7859,performance_review,2026-06-14
RVW4189,performance_review,2026-06-14
XMQ4841,performance_review,2026-06-14
BNP5840,performance_review,2026-06-15
GCQ7162,performance_review,2026-06-15
KRB4673,performance_review,2026-06-15
YEL9905,performance_review,2026-06-15
KYJ2437,performance_review,2026-06-16
QCU6852,performance_review,2026-06-17
QRU5619,performance_review,2026-06-17
WBH1128,performance_review,2026-06-17
ENC6545,performance_review,2026-06-18
HAD1624,performance_review,2026-06-18
VPP1509,performance_review,2026-06-18
WGH9186,performance_review,2026-06-18
WGM2789,performance_review,2026-06-18
CPV6745,performance_review,2026-06-19
GBN2847,performance_review,2026-06-19
HCB6961,performance_review,2026-06-19
XNQ7534,performance_review,2026-06-19
AER2755,performance_review,2026-06-20
ZWY3357,performance_review,2026-06-20
JSR7541,performance_review,2026-06-21
NZT5565,resignation_notice,2026-06-22
GHQ3847,performance_review,2026-06-23
JNV6999,performance_review,2026-06-23
PCP4778,performance_review,2026-06-23
HAW4590,performance_review,2026-06-24
VYM2689,performance_review,2026-06-24
NHS9306,performance_review,2026-06-25
GGA9880,performance_review,2026-06-27
XQW0837,performance_review,2026-06-27
BGM2933,performance_review,2026-06-28
WHU1145,performance_review,2026-06-28
TQL9765,performance_review,2026-06-30
BBH7509,performance_review,2026-07-01
BXJ9998,performance_review,2026-07-01
DQV6521,performance_review,2026-07-01
TFH1718,performance_review,2026-07-01
URW1882,performance_review,2026-07-01
RAE4533,performance_review,2026-07-02
RFN8997,performance_review,2026-07-02
WYK4800,performance_review,2026-07-03
