file_id,owning_department,sensitivity
HP20704,Engineering,Internal
TF95355,Engineering,Internal
FB57885,DevOps,Internal
BW25640,Legal,Confidential
WD76691,Engineering,Confidential
UV43121,Support,Public
PF54488,Sales,Confidential
ZP33431,Engineering,Internal
NY36249,Finance,Confidential
HL25246,Engineering,Public
PG49150,Finance,Confidential
SW32094,DevOps,Confidential
TH18056,HR,Internal
XU74288,Engineering,Public
GN65542,Legal,Public
AS03176,Engineering,Internal
FD27983,Sales,Internal
PU73024,Engineering,Internal
PJ16895,DevOps,Internal
XC57994,Finance,Restricted
ZM23014,Engineering,Confidential
MY66261,Support,Restricted
EH62353,Support,Internal
MZ70806,Support,Internal
VV61151,Sales,Internal
UT65743,Engineering,Internal
FD63787,Support,Public
RP33681,Sales,Public
VV47944,HR,Internal
WL38918,IT,Restricted
AT62085,IT,Public
EU64164,Engineering,Internal
HQ83821,Engineering,Internal
PM96367,Sales,Public
KE29127,IT,Internal
VQ25092,Sales,Internal
WH75724,HR,Public
QM20362,Sales,Confidential
VJ41060,Sales,Confidential
BY49371,Engineering,Public
JJ97661,HR,Internal
BA45424,Sales,Public
HZ03852,Finance,Restricted
SA49881,Sales,Internal
VY25917,Legal,Restricted
US05908,IT,Public
NW74003,Engineering,Public
GZ51138,Support,Public
EL63576,Finance,Internal
DQ15459,DevOps,Internal
VJ45997,DevOps,Internal
AM35865,Sales,Public
FM87571,HR,Internal
BT52675,Engineering,Public
DS32338,DevOps,Internal
HE35248,Engineering,Confidential
KW66337,HR,Internal
QP85451,Sales,Public
CR78790,HR,Internal
ZT87631,HR,Internal
GF56490,DevOps,Internal
JX46124,Engineering,Internal
ZS25666,Sales,Public
PD60191,DevOps,Public
RV92747,Engineering,Internal
NE83697,Finance,Confidential
TG23388,DevOps,Internal
RF98149,Engineering,Internal
ZD92857,DevOps,Public
ZU38272,Sales,Internal
MJ56986,Engineering,Internal
QU10714,Sales,Internal
SB83524,Engineering,Internal
SU60173,HR,Internal
GU53856,Engineering,Confidential
UJ53657,DevOps,Public
ZR56409,Support,Internal
WV15469,Support,Internal
AM26026,Sales,Public
ZW66549,Sales,Internal
EV71898,DevOps,Public
WF72916,Engineering,Internal
VD63874,IT,Internal
CL91888,Support,Public
MH47926,Engineering,Public
MZ55208,Engineering,Public
BD43231,Support,Public
NA51606,HR,Restricted
FQ06351,Sales,Internal
RY82303,IT,Confidential
SA06370,Engineering,Internal
DY59939,IT,Restricted
CY56883,Finance,Internal
VK99589,Engineering,Restricted
TP12146,IT,Confidential
RT70699,Support,Public
FB92905,Support,Public
YM81923,Support,Public
PL67619,Engineering,Internal
WU08667,Sales,Restricted
ZE18456,Sales,Confidential
GW60149,Finance,Public
CJ80400,Sales,Public
EF37499,Finance,Confidential
YV26878,Engineering,Public
VY32092,Finance,Restricted
RC14395,Sales,Public
FP68714,IT,Internal
AP11128,HR,Confidential
YL75251,Support,Internal
MH21647,Sales,Confidential
QK40325,Finance,Confidential
YW15960,Engineering,Internal
XA16100,Legal,Confidential
YT72230,Sales,Internal
FN80330,IT,Internal
HT08999,Engineering,Confidential
DB17785,DevOps,Restricted
SW17542,Sales,Public
KK94971,Sales,Internal
KR97553,Support,Public
WR57719,IT,Public
ND96392,Finance,Restricted
HX21512,Sales,Internal
DN20684,IT,Internal
SQ35010,DevOps,Public
KV77999,Support,Restricted
NN09156,Legal,Public
RH07276,Finance,Confidential
JK88403,Engineering,Internal
RU49538,DevOps,Internal
JM18783,Support,Internal
WD20467,Engineering,Internal
BP17713,Sales,Internal
WW59280,HR,Confidential
RF04892,DevOps,Internal
NJ24845,Engineering,Confidential
VY21340,Support,Public
UP81830,Sales,Public
JX10158,Legal,Internal
GE35857,Finance,Confidential
UB16272,DevOps,Public
AK64604,Legal,Restricted
WF43675,Engineering,Public
DG91432,Support,Confidential
HF99331,Finance,Confidential
JH76195,Sales,Internal
WC09494,Sales,Confidential
MA69756,Legal,Restricted
XB83659,Sales,Public
RU02862,IT,Internal
FG78137,IT,Internal
UV58562,Sales,Internal
FL70240,IT,Restricted
WM22101,DevOps,Internal
GK63049,Sales,Internal
MF58262,Engineering,Internal
DK20510,Engineering,Confidential
DS60408,Support,Public
BU69121,Sales,Internal
AH49648,DevOps,Internal
VQ30800,IT,Public
KA65389,IT,Public
SR75649,Finance,Confidential
QE22440,DevOps,Public
KY51647,Legal,Internal
AJ48194,DevOps,Confidential
PN16695,Finance,Public
JP47632,Sales,Public
NY39284,Finance,Public
KT41236,Finance,Confidential
WR31321,Sales,Public
BP53413,Support,Internal
AE53956,DevOps,Confidential
TN19543,Engineering,Public
LC25853,HR,Internal
WK90419,Finance,Internal
EF30302,Sales,Public
PL86100,Sales,Public
GY23641,Engineering,Internal
DW90717,Engineering,Confidential
NG83191,Engineering,Internal
FN43333,Engineering,Confidential
JU90453,DevOps,Internal
DT69109,Sales,Public
QR62846,HR,Confidential
HC95290,Engineering,Confidential
RV30797,Finance,Confidential
BX76430,Support,Internal
KQ06408,IT,Internal
BJ86085,HR,Internal
JG71252,Finance,Confidential
SR18484,Support,Confidential
KW91274,Support,Public
CR34809,IT,Public
HG05732,HR,Public
YT01516,Sales,Public
GK68250,Engineering,Restricted
KH27234,Finance,Restricted
PL66302,DevOps,Confidential
DR36664,DevOps,Public
DB50410,Legal,Internal
RP11241,IT,Internal
RW03883,DevOps,Internal
BH89851,Support,Internal
WX80868,IT,Confidential
PY01402,Support,Confidential
ZZ48648,Support,Confidential
MX66831,Support,Public
ME27927,Engineering,Public
PV62549,Legal,Restricted
JE11696,Engineering,Confidential
KV80287,HR,Restricted
YG08408,Engineering,Internal
LT03554,IT,Confidential
RY99608,Support,Public
NE33717,Engineering,Internal
UA91543,IT,Internal
EC85685,Finance,Public
QG85470,Finance,Confidential
AR87103,Finance,Confidential
CQ13643,Engineering,Confidential
PK27932,Engineering,Public
AC73706,Engineering,Confidential
QT62129,Engineering,Confidential
LZ89519,Finance,Restricted
PQ35373,Support,Public
HQ75839,Engineering,Confidential
TZ99114,Legal,Confidential
TE12059,Finance,Internal
EH97976,Engineering,Public
JC71563,IT,Confidential
QW81140,Support,Internal
PH96461,Sales,Internal
ZJ70027,Sales,Public
LY22077,Finance,Internal
QP00376,Finance,Internal
JK97700,Finance,Public
QC01254,IT,Internal
UW51767,Sales,Public
UL73707,Support,Public
WF22107,IT,Public
WR38643,Engineering,Internal
BT67708,Finance,Internal
UH42293,HR,Internal
FA32620,Legal,Confidential
AE88391,Support,Internal
QE46676,HR,Confidential
PM72189,Sales,Public
XT40556,DevOps,Internal
HX64335,Sales,Public
FX76676,Engineering,Internal
BU28919,Sales,Internal
DL64945,IT,Public
KQ33246,HR,Restricted
VJ97858,Support,Public
RR39090,Legal,Confidential
UF70684,Support,Public
JR15674,Engineering,Internal
SD73262,DevOps,Confidential
YD02063,IT,Internal
KR32861,Support,Confidential
YA53048,Sales,Public
UY40381,Sales,Internal
JU52761,Sales,Confidential
JN90871,Legal,Confidential
BV12468,Engineering,Public
ZL30571,Support,Internal
KL40795,HR,Internal
RV67971,Finance,Internal
FY24414,Sales,Confidential
CE69417,Support,Public
QY47163,Sales,Internal
HP93152,IT,Confidential
TY42566,Finance,Internal
GP62949,Sales,Confidential
LW68726,Legal,Confidential
VG88367,IT,Confidential
VK95815,Support,Public
SF50932,Sales,Internal
GM38451,IT,Internal
YH00832,Sales,Internal
VX86170,HR,Public
KL58646,Finance,Restricted
AW45860,Engineering,Public
VG96179,Sales,Public
JZ42705,IT,Restricted
BG12517,HR,Public
GT19395,Sales,Public
UH38396,Engineering,Confidential
CG07082,Sales,Restricted
NQ15616,Support,Public
NP69947,DevOps,Internal
RM53895,Support,Internal
XJ99303,Engineering,Internal
JJ61556,Engineering,Internal
SR96871,Sales,Public
WA02686,Sales,Public
KD10972,DevOps,Internal
VV79792,Sales,Public
WX84576,IT,Public
ST43793,Finance,Restricted
HM64458,IT,Confidential
KA83544,Engineering,Confidential
HN41069,Engineering,Restricted
AB80126,Support,Public
PV13675,HR,Public
YE70448,Legal,Restricted
XQ38517,IT,Public
MS76376,DevOps,Internal
MB19885,Engineering,Confidential
XH07959,Engineering,Internal
TN50629,Sales,Public
HB68656,Engineering,Public
GE68312,Legal,Public
PA61244,Sales,Internal
RH01119,Engineering,Confidential
VK21401,DevOps,Public
MR71996,Sales,Public
KL10454,Sales,Confidential
FF31174,Sales,Public
XC61524,IT,Internal
XS04730,IT,Confidential
WG09245,DevOps,Public
BM40218,Sales,Public
RT11324,Sales,Public
VF61890,Engineering,Internal
WV20266,DevOps,Internal
JG01470,Engineering,Internal
VB48080,HR,Internal
DF75832,Sales,Public
LB64320,Support,Public
GA26289,Engineering,Internal
MN98374,Legal,Internal
AN01325,Sales,Internal
CD96636,DevOps,Confidential
TB27709,Sales,Internal
RW24966,IT,Internal
DG35252,DevOps,Internal
WN31583,IT,Internal
CP90278,Sales,Internal
JW46175,HR,Public
QP48608,DevOps,Confidential
AP34899,Engineering,Internal
CB82188,Engineering,Internal
QY25219,Engineering,Internal
AE53146,HR,Restricted
UW07713,Finance,Confidential
DC35879,Support,Public
WA56576,HR,Confidential
HE95581,Finance,Confidential
PT28530,Sales,Public
XF62376,IT,Internal
XQ70280,Sales,Internal
KK69971,Finance,Internal
NM22873,Finance,Public
YT24549,Support,Internal
JT17121,DevOps,Public
GC92655,Engineering,Public
BU98294,Engineering,Internal
VP38601,HR,Public
AR70567,DevOps,Public
DX74446,DevOps,Internal
UM46664,Engineering,Internal
BX12347,DevOps,Confidential
HJ31156,Sales,Restricted
GM33568,DevOps,Internal
UX66670,Sales,Internal
DW06455,Engineering,Public
HS87112,Engineering,Restricted
UL92246,Sales,Internal
PF70007,Support,Public
NJ92095,Sales,Internal
DL68574,Engineering,Confidential
YT20828,Support,Public
TP31522,Support,Public
EM06625,IT,Internal
NF04901,DevOps,Internal
AV23707,Engineering,Internal
FC22762,Engineering,Public
SA50854,Finance,Public
AT18983,Support,Public
YZ16752,IT,Internal
NP08604,Sales,Internal
VC92254,Engineering,Confidential
VN34499,IT,Internal
LA38706,Legal,Restricted
GC90426,Finance,Internal
AU83634,Engineering,Internal
GV14435,Legal,Confidential
XD20263,Sales,Public
KX42005,Support,Internal
GY59335,IT,Internal
JF22043,Support,Public
CZ29645,Sales,Public
EU51295,Engineering,Internal
YE20634,IT,Restricted
JA42711,Support,Internal
FM46573,DevOps,Internal
YV50197,Legal,Public
TN55021,Engineering,Public
UQ55175,Finance,Restricted
NW66531,DevOps,Confidential
RP20761,Sales,Internal
TP35670,Sales,Internal
XS24396,Finance,Confidential
JW59679,HR,Public
PR01628,Engineering,Confidential
XU21425,Support,Internal
UX00017,Finance,Restricted
KR80764,Support,Internal
TZ38566,Sales,Internal
UA51006,DevOps,Public
BQ51289,Finance,Restricted
GP15970,HR,Public
QR64584,Support,Public
ER01777,IT,Internal
RD96409,DevOps,Internal
FM97616,Engineering,Internal
KU21407,Finance,Internal
EX56876,HR,Confidential
WU55698,Support,Internal
VA33009,DevOps,Confidential
ZG69727,Support,Public
XA16093,Engineering,Public
KV16192,IT,Public
LJ00961,Sales,Public
ES78905,Support,Internal
KN42309,IT,Internal
PW87938,DevOps,Confidential
JZ30283,Engineering,Restricted
BB76741,Legal,Confidential
BZ52567,IT,Internal
CM65426,DevOps,Confidential
KL96263,DevOps,Internal
WG85072,Engineering,Internal
TV73536,Finance,Confidential
FK39120,IT,Public
NW64298,DevOps,Internal
NR70152,Engineering,Public
VR62044,Support,Internal
VR06300,IT,Internal
BX66617,HR,Restricted
PU75532,Support,Public
LS79311,HR,Internal
WU33476,Sales,Confidential
YF28761,Finance,Public
CY00211,IT,Public
UN15779,Engineering,Internal
LN35850,Sales,Public
SF03336,IT,Public
SY40059,Support,Internal
ZD30279,DevOps,Confidential
XT45986,IT,Internal
GL54737,Engineering,Internal
VG12752,Finance,Internal
YV52038,IT,Public
ZL19990,IT,Restricted
EC65793,IT,Confidential
DZ05758,Legal,Restricted
FG84244,IT,Public
AN38985,Sales,Internal
XM53257,Engineering,Confidential
UD21580,Sales,Restricted
UY59406,Legal,Confidential
TG28643,Finance,Confidential
BQ03307,Support,Internal
HJ24616,IT,Confidential
BT82651,IT,Internal
NP89529,Sales,Public
CK81398,Sales,Restricted
XY74143,Sales,Confidential
PN20774,Finance,Internal
LF83764,Sales,Public
JX37506,DevOps,Public
XT06291,HR,Public
US78245,Finance,Internal
CX89803,Engineering,Restricted
ZZ93202,Engineering,Confidential
TD26373,Support,Internal
EE24193,DevOps,Internal
ZX27657,Sales,Public
BG26639,Sales,Public
GS47090,DevOps,Public
JT25129,Legal,Confidential
PJ87392,Sales,Internal
DY67274,HR,Confidential
MS47640,Support,Internal
JE32463,DevOps,Restricted
BP16166,Engineering,Internal
WH01069,Sales,Public
HU73128,Engineering,Confidential
HL44957,DevOps,Confidential
UG66490,Engineering,Restricted
VY03013,Legal,Confidential
XU45175,DevOps,Restricted
PU39827,Engineering,Confidential
ST71822,Engineering,Internal
VF27548,Sales,Public
VF91831,Support,Internal
FC01403,Sales,Public
NA46941,DevOps,Internal
HC17577,DevOps,Internal
GG76430,DevOps,Internal
TH13435,Support,Internal
HT66498,IT,Internal
KZ62228,Engineering,Internal
YX18096,Engineering,Confidential
VE66621,Engineering,Public
ED68189,HR,Internal
DP32588,Sales,Internal
UN73319,Engineering,Internal
PH77552,DevOps,Public
RZ18955,DevOps,Public
XE14857,DevOps,Restricted
UL27668,Sales,Public
PV24583,Finance,Restricted
UG08657,Engineering,Confidential
GU85639,Engineering,Internal
SP43436,HR,Confidential
ND25796,Engineering,Confidential
YW95714,Finance,Confidential
HG62349,Sales,Public
TK18772,Sales,Confidential
UU17994,DevOps,Restricted
NT40835,Sales,Public
JT55664,Sales,Internal
LX55809,Sales,Restricted
TT68939,Engineering,Restricted
JD59410,HR,Confidential
HM28050,Sales,Internal
WA40464,Sales,Confidential
PP93396,Support,Public
HX19764,Engineering,Public
YJ58524,Legal,Confidential
CF40898,Finance,Confidential
XE13474,DevOps,Public
DE78376,Finance,Internal
SN53640,Finance,Restricted
TZ22517,HR,Internal
PG89025,Sales,Internal
ZL66121,DevOps,Confidential
LJ98583,Sales,Public
DP25978,Support,Public
RK13866,Support,Internal
ZN00914,HR,Internal
XB78301,Support,Public
BZ37054,IT,Public
ZW34656,Support,Internal
QC84659,Engineering,Internal
RE94683,Sales,Public
LJ20697,Sales,Internal
SK08734,Support,Internal
KU79271,Engineering,Internal
BD83403,DevOps,Internal
HP78074,DevOps,Public
QK63722,Engineering,Confidential
YF98684,Support,Confidential
DZ11971,Sales,Public
DS57905,HR,Confidential
SX41995,Engineering,Internal
JL64987,Legal,Confidential
HS06392,DevOps,Restricted
LP47898,DevOps,Internal
KY46109,Engineering,Internal
MV90715,Engineering,Public
JJ59403,Sales,Internal
NY04682,Support,Public
AX41057,IT,Internal
LE17746,Sales,Internal
UY12561,Engineering,Internal
JN68504,Engineering,Public
SK94766,Legal,Public
LF34459,Engineering,Internal
LG86528,IT,Internal
NV67226,Sales,Internal
VA22499,Engineering,Confidential
PZ78239,Engineering,Internal
UW27200,Finance,Public
ES22052,Finance,Confidential
DK37318,Engineering,Public
KQ75673,DevOps,Confidential
MK63414,Engineering,Internal
YB39405,Support,Internal
MX19378,Support,Public
WQ97452,DevOps,Restricted
JA79413,Sales,Internal
YG86279,IT,Public
RS18209,DevOps,Internal
AC91772,Engineering,Public
VB68758,Finance,Confidential
VX95156,Sales,Internal
TV82284,HR,Public
KF47309,Engineering,Public
XD85216,Engineering,Internal
NJ15977,DevOps,Public
FZ05312,Engineering,Confidential
UT29237,Sales,Public
WJ78630,DevOps,Internal
FH95782,IT,Public
YA42677,IT,Public
XP70569,HR,Internal
KB19255,Engineering,Internal
LD23652,Engineering,Internal
WP33782,Engineering,Confidential
RN33826,Engineering,Public
JC40393,IT,Public
VU02182,DevOps,Confidential
RK94827,Engineering,Internal
VH73925,Sales,Public
JD03854,IT,Internal
ZT24128,Support,Public
RF29286,Legal,Restricted
FY37485,HR,Confidential
VT68498,Engineering,Internal
WH88690,IT,Internal
HM91899,Support,Public
CT81379,Sales,Confidential
DB05596,Sales,Internal
KY75575,IT,Internal
TP41773,Engineering,Internal
VZ78001,Engineering,Internal
BF67823,DevOps,Public
DW69355,DevOps,Internal
EG99031,Engineering,Confidential
XZ40479,IT,Public
JF59226,Engineering,Internal
QS23373,Sales,Confidential
ZU02161,Engineering,Public
KQ20131,Finance,Public
QB38576,Engineering,Confidential
SF93440,Sales,Confidential
ZZ00588,Sales,Public
NQ05407,DevOps,Confidential
VY60305,Engineering,Internal
SG63617,Sales,Internal
YY62120,IT,Internal
YV43025,Sales,Public
SH77525,Engineering,Confidential
WX64451,Engineering,Public
SW16862,HR,Confidential
FU22023,Support,Public
QG57163,IT,Public
FF68767,IT,Public
XD69137,HR,Internal
RZ61263,Legal,Confidential
JX86477,IT,Confidential
XS56030,DevOps,Public
BM48405,IT,Restricted
KC81683,DevOps,Public
WU87398,Support,Internal
TY10810,Sales,Confidential
HU73861,Engineering,Public
AP09711,Engineering,Internal
SY56200,Engineering,Internal
UU89579,DevOps,Public
HK65533,Engineering,Confidential
NB57387,Support,Public
SB57869,Sales,Public
BV00946,Support,Public
HV24507,DevOps,Restricted
CA05969,Support,Public
ZV51010,DevOps,Confidential
ML48222,IT,Internal
XB89711,IT,Confidential
MD96787,Support,Public
UH30608,Sales,Internal
DP50898,Engineering,Public
PN87149,HR,Internal
XC78978,Sales,Public
FY15731,Finance,Public
KK71185,Support,Internal
UF18429,HR,Public
YY96151,Finance,Confidential
WH20222,Engineering,Public
DB73283,IT,Internal
AT94141,Sales,Internal
GM96360,Finance,Internal
YD36042,Sales,Public
VB99699,Legal,Internal
VZ16463,Finance,Internal
JD09240,IT,Confidential
QL74100,Sales,Confidential
FE72673,Sales,Confidential
UK07137,Legal,Internal
HF03760,DevOps,Internal
SD39804,IT,Confidential
JA45489,Finance,Internal
AX01645,Support,Confidential
WC79158,Support,Public
PP31251,IT,Public
PW48226,IT,Confidential
RH26181,HR,Confidential
XP21833,IT,Internal
XM03737,Support,Public
LA34489,DevOps,Internal
ZD86099,Support,Internal
WE53270,Finance,Confidential
GY32683,Support,Internal
CF89318,IT,Public
